benchmark_id,run_index,dataset_name,target_class_count,tbox_class_count,tbox_property_count,abox_individual_count,triple_count,kind,name,device,engine_mode,k,timeout_seconds,status,error_code,attempts_completed,setup_ms_avg,reasoning_ms_avg,retrieval_ms_avg,total_elapsed_ms_avg,total_type_inferences_avg,graph_lowering_ms_avg,identity_normalization_ms_avg,engine_preprocessing_ms_avg,engine_iterations_ms_avg,engine_postprocessing_ms_avg,tbox_cacheable_ms_avg,iterations_avg,process_memory_peak_bytes_avg,kgraph_host_bytes_avg,compiled_dag_estimated_bytes_avg,cuda_peak_allocated_bytes_avg,cuda_peak_reserved_bytes_avg,dag_target_count_avg,dag_total_nodes_avg,dag_total_edges_avg,dag_max_layers_avg,timing_groups_json,dag_stats_json
20260506-124917-4f6e6c403e,1,OWL2EL-1,17,143,93,4091,54811,engine,gpu-el-lite,cpu,stratified,3,300.0,OK,,3,67.02539998999175,217.79563336167485,206.69880000059493,723.6569666614135,8429.0,67.02539998999175,0.0,117.1787333538911,184.00083333835937,206.69880000059493,83.38393333057563,2.0,506937344.0,4392744.0,106460.0,,,15.0,170.0,247.0,8.0,"{""assertion_update"": 9.505100024398416, ""assignment_status"": 226.11019999021664, ""atomic_domain_range"": 0.0, ""conflict_policy"": 13.744500000029802, ""dag_compile"": 19.596100028138608, ""dag_eval"": 227.30389994103462, ""data_copy"": 0.0, ""dataset_build"": 64.23910000012256, ""dependency_closure"": 0.6243000098038465, ""hierarchy"": 0.0, ""horn_safe_domain_range"": 0.0, ""kgraph_adjacency"": 11.778099986258894, ""kgraph_build"": 59.421899990411475, ""kgraph_edge_buckets"": 0.14560000272467732, ""kgraph_literal_features"": 1.059500005794689, ""kgraph_negative_helpers"": 0.001100008375942707, ""mapping_graph_scan"": 141.87000002129935, ""mapping_index"": 0.4050999996252358, ""mapping_sort"": 4.693099996075034, ""mapping_vocab_collect"": 0.006099988240748644, ""negative_blocker"": 0.0040000013541430235, ""ontology_merge"": 0.03819999983534217, ""preprocessing_plan"": 0.11829999857582152, ""reasoner_setup"": 19.69069999177009, ""reflexive"": 0.0, ""reporting_compile"": 0.0, ""result_projection"": 15.77769999857992, ""sameas"": 0.0, ""sameas_state_init"": 0.0, ""schema_cache"": 80.81509999465197, ""sufficient_rule_extraction"": 28.796999977203086, ""sufficient_rule_index"": 0.17770001431927085, ""target_roles"": 0.0}","{""http://benchmark/OWL2Bench#Chair"": {""avg_layer_width"": 1.3333333333333333, ""edges"": 3, ""layers"": 3, ""leaves"": 2, ""max_fan_in"": 2, ""max_fan_out"": 1, ""max_layer_width"": 2, ""nodes"": 4}, ""http://benchmark/OWL2Bench#Dean"": {""avg_layer_width"": 1.3333333333333333, ""edges"": 3, ""layers"": 3, ""leaves"": 2, ""max_fan_in"": 2, ""max_fan_out"": 1, ""max_layer_width"": 2, ""nodes"": 4}, ""http://benchmark/OWL2Bench#Director"": {""avg_layer_width"": 1.3333333333333333, ""edges"": 3, ""layers"": 3, ""leaves"": 2, ""max_fan_in"": 2, ""max_fan_out"": 1, ""max_layer_width"": 2, ""nodes"": 4}, ""http://benchmark/OWL2Bench#Employee"": {""avg_layer_width"": 7.125, ""edges"": 123, ""layers"": 8, ""leaves"": 7, ""max_fan_in"": 16, ""max_fan_out"": 19, ""max_layer_width"": 35, ""nodes"": 57}, ""http://benchmark/OWL2Bench#Faculty"": {""avg_layer_width"": 4.0, ""edges"": 39, ""layers"": 6, ""leaves"": 7, ""max_fan_in"": 9, ""max_fan_out"": 11, ""max_layer_width"": 12, ""nodes"": 24}, ""http://benchmark/OWL2Bench#PGStudent"": {""avg_layer_width"": 1.5, ""edges"": 5, ""layers"": 4, ""leaves"": 3, ""max_fan_in"": 2, ""max_fan_out"": 1, ""max_layer_width"": 3, ""nodes"": 6}, ""http://benchmark/OWL2Bench#PeopleWithHobby"": {""avg_layer_width"": 1.6666666666666667, ""edges"": 12, ""layers"": 6, ""leaves"": 3, ""max_fan_in"": 3, ""max_fan_out"": 3, ""max_layer_width"": 3, ""nodes"": 10}, ""http://benchmark/OWL2Bench#PhDStudent"": {""avg_layer_width"": 1.5, ""edges"": 5, ""layers"": 4, ""leaves"": 3, ""max_fan_in"": 2, ""max_fan_out"": 1, ""max_layer_width"": 3, ""nodes"": 6}, ""http://benchmark/OWL2Bench#SelfAwarePerson"": {""avg_layer_width"": 1.6666666666666667, ""edges"": 4, ""layers"": 3, ""leaves"": 3, ""max_fan_in"": 2, ""max_fan_out"": 1, ""max_layer_width"": 3, ""nodes"": 5}, ""http://benchmark/OWL2Bench#SportsFan"": {""avg_layer_width"": 1.5, ""edges"": 5, ""layers"": 4, ""leaves"": 3, ""max_fan_in"": 2, ""max_fan_out"": 1, ""max_layer_width"": 3, ""nodes"": 6}, ""http://benchmark/OWL2Bench#SportsLover"": {""avg_layer_width"": 1.6, ""edges"": 8, ""layers"": 5, ""leaves"": 3, ""max_fan_in"": 2, ""max_fan_out"": 2, ""max_layer_width"": 3, ""nodes"": 8}, ""http://benchmark/OWL2Bench#Student"": {""avg_layer_width"": 3.6, ""edges"": 22, ""layers"": 5, ""leaves"": 8, ""max_fan_in"": 10, ""max_fan_out"": 5, ""max_layer_width"": 8, ""nodes"": 18}, ""http://benchmark/OWL2Bench#T20CricketFan"": {""avg_layer_width"": 1.3333333333333333, ""edges"": 3, ""layers"": 3, ""leaves"": 2, ""max_fan_in"": 2, ""max_fan_out"": 1, ""max_layer_width"": 2, ""nodes"": 4}, ""http://benchmark/OWL2Bench#TeachingAssistant"": {""avg_layer_width"": 2.0, ""edges"": 7, ""layers"": 4, ""leaves"": 4, ""max_fan_in"": 3, ""max_fan_out"": 1, ""max_layer_width"": 4, ""nodes"": 8}, ""http://benchmark/OWL2Bench#UGStudent"": {""avg_layer_width"": 1.5, ""edges"": 5, ""layers"": 4, ""leaves"": 3, ""max_fan_in"": 2, ""max_fan_out"": 1, ""max_layer_width"": 3, ""nodes"": 6}}"
20260506-124917-4f6e6c403e,2,OWL2EL-1,17,143,93,4091,54811,engine,gpu-el-lite,cpu,admissibility,3,300.0,OK,,3,174.5923666555124,324.5933332655113,0.0,2583.522200002335,7569.0,174.5923666555124,0.0,186.9617666428288,215.6234665987237,0.0,77.99189997604117,2.0,604407125.3333334,4409089.0,,,,0.0,0.0,0.0,0.0,"{""assertion_update"": 9.62139994953759, ""assignment_status"": 0.0, ""atomic_domain_range"": 0.0, ""conflict_policy"": 0.0, ""dag_compile"": 57.39140001242049, ""dag_eval"": 232.51919995527714, ""data_copy"": 0.0, ""dataset_build"": 175.99629994947463, ""dependency_closure"": 0.5015999777242541, ""hierarchy"": 0.0, ""horn_safe_domain_range"": 0.0, ""kgraph_adjacency"": 31.015199987450615, ""kgraph_build"": 136.96449997951277, ""kgraph_edge_buckets"": 0.4322000313550234, ""kgraph_literal_features"": 2.597999991849065, ""kgraph_negative_helpers"": 0.1852999848779291, ""mapping_graph_scan"": 273.1588000024203, ""mapping_index"": 0.7939000206533819, ""mapping_sort"": 7.900500000687316, ""mapping_vocab_collect"": 0.00990001717582345, ""negative_blocker"": 0.0, ""ontology_merge"": 0.05259999306872487, ""preprocessing_plan"": 0.1739000144880265, ""reasoner_setup"": 17.387399973813444, ""reflexive"": 0.0, ""reporting_compile"": 0.0, ""result_projection"": 0.0, ""sameas"": 0.0, ""sameas_state_init"": 0.0, ""schema_cache"": 75.9950999636203, ""sufficient_rule_extraction"": 20.707799994852394, ""sufficient_rule_index"": 0.07760000880807638, ""target_roles"": 0.0}",
20260506-124917-4f6e6c403e,3,OWL2EL-1,17,143,93,4091,54811,engine,gpu-el-lite,cpu,filtered_admissibility,3,300.0,OK,,3,264.77473326182616,222.29290006604666,0.0,6536.610666652753,7569.0,264.77473326182616,0.0,298.3047666493803,258.8941667151327,0.0,334.90603329846635,1.0,777689770.6666666,4409089.0,106460.0,,,15.0,170.0,247.0,8.0,"{""assertion_update"": 10.580899921478704, ""assignment_status"": 0.0, ""atomic_domain_range"": 0.0, ""conflict_policy"": 0.0, ""dag_compile"": 122.71379999583587, ""dag_eval"": 260.9321001218632, ""data_copy"": 0.0, ""dataset_build"": 264.60189995123073, ""dependency_closure"": 0.5926000012550503, ""hierarchy"": 0.0, ""horn_safe_domain_range"": 0.0, ""kgraph_adjacency"": 33.73279998777434, ""kgraph_build"": 187.0986000285484, ""kgraph_edge_buckets"": 0.6239000358618796, ""kgraph_literal_features"": 3.7561999924946576, ""kgraph_negative_helpers"": 0.2082999562844634, ""mapping_graph_scan"": 486.20909999590367, ""mapping_index"": 1.4143000007607043, ""mapping_sort"": 13.053099974058568, ""mapping_vocab_collect"": 0.02579999272711575, ""negative_blocker"": 0.0, ""ontology_merge"": 0.1023999648168683, ""preprocessing_plan"": 0.41580002289265394, ""reasoner_setup"": 18.331200000829995, ""reflexive"": 0.0, ""reporting_compile"": 0.0, ""result_projection"": 0.0, ""sameas"": 0.0, ""sameas_state_init"": 0.0, ""schema_cache"": 123.39649998466484, ""sufficient_rule_extraction"": 31.477000011363998, ""sufficient_rule_index"": 0.10609999299049377, ""target_roles"": 0.0}","{""http://benchmark/OWL2Bench#Chair"": {""avg_layer_width"": 1.3333333333333333, ""edges"": 3, ""layers"": 3, ""leaves"": 2, ""max_fan_in"": 2, ""max_fan_out"": 1, ""max_layer_width"": 2, ""nodes"": 4}, ""http://benchmark/OWL2Bench#Dean"": {""avg_layer_width"": 1.3333333333333333, ""edges"": 3, ""layers"": 3, ""leaves"": 2, ""max_fan_in"": 2, ""max_fan_out"": 1, ""max_layer_width"": 2, ""nodes"": 4}, ""http://benchmark/OWL2Bench#Director"": {""avg_layer_width"": 1.3333333333333333, ""edges"": 3, ""layers"": 3, ""leaves"": 2, ""max_fan_in"": 2, ""max_fan_out"": 1, ""max_layer_width"": 2, ""nodes"": 4}, ""http://benchmark/OWL2Bench#Employee"": {""avg_layer_width"": 7.125, ""edges"": 123, ""layers"": 8, ""leaves"": 7, ""max_fan_in"": 16, ""max_fan_out"": 19, ""max_layer_width"": 35, ""nodes"": 57}, ""http://benchmark/OWL2Bench#Faculty"": {""avg_layer_width"": 4.0, ""edges"": 39, ""layers"": 6, ""leaves"": 7, ""max_fan_in"": 9, ""max_fan_out"": 11, ""max_layer_width"": 12, ""nodes"": 24}, ""http://benchmark/OWL2Bench#PGStudent"": {""avg_layer_width"": 1.5, ""edges"": 5, ""layers"": 4, ""leaves"": 3, ""max_fan_in"": 2, ""max_fan_out"": 1, ""max_layer_width"": 3, ""nodes"": 6}, ""http://benchmark/OWL2Bench#PeopleWithHobby"": {""avg_layer_width"": 1.6666666666666667, ""edges"": 12, ""layers"": 6, ""leaves"": 3, ""max_fan_in"": 3, ""max_fan_out"": 3, ""max_layer_width"": 3, ""nodes"": 10}, ""http://benchmark/OWL2Bench#PhDStudent"": {""avg_layer_width"": 1.5, ""edges"": 5, ""layers"": 4, ""leaves"": 3, ""max_fan_in"": 2, ""max_fan_out"": 1, ""max_layer_width"": 3, ""nodes"": 6}, ""http://benchmark/OWL2Bench#SelfAwarePerson"": {""avg_layer_width"": 1.6666666666666667, ""edges"": 4, ""layers"": 3, ""leaves"": 3, ""max_fan_in"": 2, ""max_fan_out"": 1, ""max_layer_width"": 3, ""nodes"": 5}, ""http://benchmark/OWL2Bench#SportsFan"": {""avg_layer_width"": 1.5, ""edges"": 5, ""layers"": 4, ""leaves"": 3, ""max_fan_in"": 2, ""max_fan_out"": 1, ""max_layer_width"": 3, ""nodes"": 6}, ""http://benchmark/OWL2Bench#SportsLover"": {""avg_layer_width"": 1.6, ""edges"": 8, ""layers"": 5, ""leaves"": 3, ""max_fan_in"": 2, ""max_fan_out"": 2, ""max_layer_width"": 3, ""nodes"": 8}, ""http://benchmark/OWL2Bench#Student"": {""avg_layer_width"": 3.6, ""edges"": 22, ""layers"": 5, ""leaves"": 8, ""max_fan_in"": 10, ""max_fan_out"": 5, ""max_layer_width"": 8, ""nodes"": 18}, ""http://benchmark/OWL2Bench#T20CricketFan"": {""avg_layer_width"": 1.3333333333333333, ""edges"": 3, ""layers"": 3, ""leaves"": 2, ""max_fan_in"": 2, ""max_fan_out"": 1, ""max_layer_width"": 2, ""nodes"": 4}, ""http://benchmark/OWL2Bench#TeachingAssistant"": {""avg_layer_width"": 2.0, ""edges"": 7, ""layers"": 4, ""leaves"": 4, ""max_fan_in"": 3, ""max_fan_out"": 1, ""max_layer_width"": 4, ""nodes"": 8}, ""http://benchmark/OWL2Bench#UGStudent"": {""avg_layer_width"": 1.5, ""edges"": 5, ""layers"": 4, ""leaves"": 3, ""max_fan_in"": 2, ""max_fan_out"": 1, ""max_layer_width"": 3, ""nodes"": 6}}"
20260506-124917-4f6e6c403e,4,OWL2EL-1,17,143,93,4091,54811,engine,gpu-el-lite,cuda,stratified,3,300.0,OK,,3,66.50419998914003,1469.1347034479647,126.68563334348922,1940.4670333315153,8429.0,66.50419998914003,0.0,309.3250666473371,1264.4421034537565,126.68563334348922,104.63246665312909,2.0,1222664192.0,4392744.0,106460.0,18408448.0,27262976.0,15.0,170.0,247.0,8.0,"{""assertion_update"": 10.77859994256869, ""assignment_status"": 66.12699999823235, ""atomic_domain_range"": 0.0, ""conflict_policy"": 20.68480002344586, ""dag_compile"": 19.039000006159768, ""dag_eval"": 1238.3952751159668, ""data_copy"": 0.0, ""dataset_build"": 67.26829998660833, ""dependency_closure"": 0.5825999833177775, ""hierarchy"": 0.0, ""horn_safe_domain_range"": 0.0, ""kgraph_adjacency"": 11.819299979833886, ""kgraph_build"": 62.24909998127259, ""kgraph_edge_buckets"": 0.2060999977402389, ""kgraph_literal_features"": 1.0848999954760075, ""kgraph_negative_helpers"": 0.0008999777492135763, ""mapping_graph_scan"": 134.35400000889786, ""mapping_index"": 0.37039999733678997, ""mapping_sort"": 6.391400005668402, ""mapping_vocab_collect"": 0.005500012775883079, ""negative_blocker"": 0.0022999884095042944, ""ontology_merge"": 0.03329999162815511, ""preprocessing_plan"": 0.07959999493323267, ""reasoner_setup"": 105.39189996779896, ""reflexive"": 0.0, ""reporting_compile"": 0.0, ""result_projection"": 23.518100002547726, ""sameas"": 0.0, ""sameas_state_init"": 0.0, ""schema_cache"": 79.56359998206608, ""sufficient_rule_extraction"": 26.31499999552034, ""sufficient_rule_index"": 0.10040000779554248, ""target_roles"": 0.0}","{""http://benchmark/OWL2Bench#Chair"": {""avg_layer_width"": 1.3333333333333333, ""edges"": 3, ""layers"": 3, ""leaves"": 2, ""max_fan_in"": 2, ""max_fan_out"": 1, ""max_layer_width"": 2, ""nodes"": 4}, ""http://benchmark/OWL2Bench#Dean"": {""avg_layer_width"": 1.3333333333333333, ""edges"": 3, ""layers"": 3, ""leaves"": 2, ""max_fan_in"": 2, ""max_fan_out"": 1, ""max_layer_width"": 2, ""nodes"": 4}, ""http://benchmark/OWL2Bench#Director"": {""avg_layer_width"": 1.3333333333333333, ""edges"": 3, ""layers"": 3, ""leaves"": 2, ""max_fan_in"": 2, ""max_fan_out"": 1, ""max_layer_width"": 2, ""nodes"": 4}, ""http://benchmark/OWL2Bench#Employee"": {""avg_layer_width"": 7.125, ""edges"": 123, ""layers"": 8, ""leaves"": 7, ""max_fan_in"": 16, ""max_fan_out"": 19, ""max_layer_width"": 35, ""nodes"": 57}, ""http://benchmark/OWL2Bench#Faculty"": {""avg_layer_width"": 4.0, ""edges"": 39, ""layers"": 6, ""leaves"": 7, ""max_fan_in"": 9, ""max_fan_out"": 11, ""max_layer_width"": 12, ""nodes"": 24}, ""http://benchmark/OWL2Bench#PGStudent"": {""avg_layer_width"": 1.5, ""edges"": 5, ""layers"": 4, ""leaves"": 3, ""max_fan_in"": 2, ""max_fan_out"": 1, ""max_layer_width"": 3, ""nodes"": 6}, ""http://benchmark/OWL2Bench#PeopleWithHobby"": {""avg_layer_width"": 1.6666666666666667, ""edges"": 12, ""layers"": 6, ""leaves"": 3, ""max_fan_in"": 3, ""max_fan_out"": 3, ""max_layer_width"": 3, ""nodes"": 10}, ""http://benchmark/OWL2Bench#PhDStudent"": {""avg_layer_width"": 1.5, ""edges"": 5, ""layers"": 4, ""leaves"": 3, ""max_fan_in"": 2, ""max_fan_out"": 1, ""max_layer_width"": 3, ""nodes"": 6}, ""http://benchmark/OWL2Bench#SelfAwarePerson"": {""avg_layer_width"": 1.6666666666666667, ""edges"": 4, ""layers"": 3, ""leaves"": 3, ""max_fan_in"": 2, ""max_fan_out"": 1, ""max_layer_width"": 3, ""nodes"": 5}, ""http://benchmark/OWL2Bench#SportsFan"": {""avg_layer_width"": 1.5, ""edges"": 5, ""layers"": 4, ""leaves"": 3, ""max_fan_in"": 2, ""max_fan_out"": 1, ""max_layer_width"": 3, ""nodes"": 6}, ""http://benchmark/OWL2Bench#SportsLover"": {""avg_layer_width"": 1.6, ""edges"": 8, ""layers"": 5, ""leaves"": 3, ""max_fan_in"": 2, ""max_fan_out"": 2, ""max_layer_width"": 3, ""nodes"": 8}, ""http://benchmark/OWL2Bench#Student"": {""avg_layer_width"": 3.6, ""edges"": 22, ""layers"": 5, ""leaves"": 8, ""max_fan_in"": 10, ""max_fan_out"": 5, ""max_layer_width"": 8, ""nodes"": 18}, ""http://benchmark/OWL2Bench#T20CricketFan"": {""avg_layer_width"": 1.3333333333333333, ""edges"": 3, ""layers"": 3, ""leaves"": 2, ""max_fan_in"": 2, ""max_fan_out"": 1, ""max_layer_width"": 2, ""nodes"": 4}, ""http://benchmark/OWL2Bench#TeachingAssistant"": {""avg_layer_width"": 2.0, ""edges"": 7, ""layers"": 4, ""leaves"": 4, ""max_fan_in"": 3, ""max_fan_out"": 1, ""max_layer_width"": 4, ""nodes"": 8}, ""http://benchmark/OWL2Bench#UGStudent"": {""avg_layer_width"": 1.5, ""edges"": 5, ""layers"": 4, ""leaves"": 3, ""max_fan_in"": 2, ""max_fan_out"": 1, ""max_layer_width"": 3, ""nodes"": 6}}"
20260506-124917-4f6e6c403e,5,OWL2EL-1,17,143,93,4091,54811,engine,gpu-el-lite,cuda,admissibility,3,300.0,OK,,3,173.3805666832874,2512.2188493621848,0.0,5013.10180000534,7569.0,173.3805666832874,0.0,241.15266667407317,2349.6680826814845,0.0,78.60189999337308,2.0,1241849856.0,4409089.0,,18408448.0,27262976.0,0.0,0.0,0.0,0.0,"{""assertion_update"": 10.067299997899681, ""assignment_status"": 0.0, ""atomic_domain_range"": 0.0, ""conflict_policy"": 0.0, ""dag_compile"": 45.56710002361797, ""dag_eval"": 2396.6155327274464, ""data_copy"": 0.0, ""dataset_build"": 180.37660003756173, ""dependency_closure"": 0.594300014199689, ""hierarchy"": 0.0, ""horn_safe_domain_range"": 0.0, ""kgraph_adjacency"": 21.445299993501976, ""kgraph_build"": 130.15589999849908, ""kgraph_edge_buckets"": 0.3212000010535121, ""kgraph_literal_features"": 2.3256999847944826, ""kgraph_negative_helpers"": 0.03220001235604286, ""mapping_graph_scan"": 286.0237999993842, ""mapping_index"": 0.7948999991640449, ""mapping_sort"": 9.899399999994785, ""mapping_vocab_collect"": 0.01090002479031682, ""negative_blocker"": 0.0, ""ontology_merge"": 0.054100004490464926, ""preprocessing_plan"": 0.1902000221889466, ""reasoner_setup"": 84.0178000216838, ""reflexive"": 0.0, ""reporting_compile"": 0.0, ""result_projection"": 0.0, ""sameas"": 0.0, ""sameas_state_init"": 0.0, ""schema_cache"": 91.33049997035414, ""sufficient_rule_extraction"": 22.168099996633828, ""sufficient_rule_index"": 0.2553999947849661, ""target_roles"": 0.0}",
20260506-124917-4f6e6c403e,6,OWL2EL-1,17,143,93,4091,54811,engine,gpu-el-lite,cuda,filtered_admissibility,3,300.0,OK,,3,280.8904666356587,3827.5073109554746,0.0,10604.817033337895,7569.0,280.8904666356587,0.0,321.3302666748253,3665.693044304615,0.0,159.5160000239654,1.0,1253621760.0,4409089.0,106460.0,18408448.0,27262976.0,15.0,170.0,247.0,8.0,"{""assertion_update"": 10.325899987947196, ""assignment_status"": 0.0, ""atomic_domain_range"": 0.0, ""conflict_policy"": 0.0, ""dag_compile"": 87.72690000478178, ""dag_eval"": 3484.3176631794777, ""data_copy"": 0.0, ""dataset_build"": 282.64250000938773, ""dependency_closure"": 0.6412999937310815, ""hierarchy"": 0.0, ""horn_safe_domain_range"": 0.0, ""kgraph_adjacency"": 35.4477999790106, ""kgraph_build"": 205.88070002850145, ""kgraph_edge_buckets"": 0.7083000091370195, ""kgraph_literal_features"": 3.340900002513081, ""kgraph_negative_helpers"": 0.08779999916441739, ""mapping_graph_scan"": 454.5217000122648, ""mapping_index"": 2.1818999957758933, ""mapping_sort"": 15.103699988685548, ""mapping_vocab_collect"": 0.015700003132224083, ""negative_blocker"": 0.0, ""ontology_merge"": 0.09480002336204052, ""preprocessing_plan"": 0.29120000544935465, ""reasoner_setup"": 89.21519995783456, ""reflexive"": 0.0, ""reporting_compile"": 0.0, ""result_projection"": 0.0, ""sameas"": 0.0, ""sameas_state_init"": 0.0, ""schema_cache"": 117.84249998163432, ""sufficient_rule_extraction"": 38.634900003671646, ""sufficient_rule_index"": 0.11649998486973345, ""target_roles"": 0.0}","{""http://benchmark/OWL2Bench#Chair"": {""avg_layer_width"": 1.3333333333333333, ""edges"": 3, ""layers"": 3, ""leaves"": 2, ""max_fan_in"": 2, ""max_fan_out"": 1, ""max_layer_width"": 2, ""nodes"": 4}, ""http://benchmark/OWL2Bench#Dean"": {""avg_layer_width"": 1.3333333333333333, ""edges"": 3, ""layers"": 3, ""leaves"": 2, ""max_fan_in"": 2, ""max_fan_out"": 1, ""max_layer_width"": 2, ""nodes"": 4}, ""http://benchmark/OWL2Bench#Director"": {""avg_layer_width"": 1.3333333333333333, ""edges"": 3, ""layers"": 3, ""leaves"": 2, ""max_fan_in"": 2, ""max_fan_out"": 1, ""max_layer_width"": 2, ""nodes"": 4}, ""http://benchmark/OWL2Bench#Employee"": {""avg_layer_width"": 7.125, ""edges"": 123, ""layers"": 8, ""leaves"": 7, ""max_fan_in"": 16, ""max_fan_out"": 19, ""max_layer_width"": 35, ""nodes"": 57}, ""http://benchmark/OWL2Bench#Faculty"": {""avg_layer_width"": 4.0, ""edges"": 39, ""layers"": 6, ""leaves"": 7, ""max_fan_in"": 9, ""max_fan_out"": 11, ""max_layer_width"": 12, ""nodes"": 24}, ""http://benchmark/OWL2Bench#PGStudent"": {""avg_layer_width"": 1.5, ""edges"": 5, ""layers"": 4, ""leaves"": 3, ""max_fan_in"": 2, ""max_fan_out"": 1, ""max_layer_width"": 3, ""nodes"": 6}, ""http://benchmark/OWL2Bench#PeopleWithHobby"": {""avg_layer_width"": 1.6666666666666667, ""edges"": 12, ""layers"": 6, ""leaves"": 3, ""max_fan_in"": 3, ""max_fan_out"": 3, ""max_layer_width"": 3, ""nodes"": 10}, ""http://benchmark/OWL2Bench#PhDStudent"": {""avg_layer_width"": 1.5, ""edges"": 5, ""layers"": 4, ""leaves"": 3, ""max_fan_in"": 2, ""max_fan_out"": 1, ""max_layer_width"": 3, ""nodes"": 6}, ""http://benchmark/OWL2Bench#SelfAwarePerson"": {""avg_layer_width"": 1.6666666666666667, ""edges"": 4, ""layers"": 3, ""leaves"": 3, ""max_fan_in"": 2, ""max_fan_out"": 1, ""max_layer_width"": 3, ""nodes"": 5}, ""http://benchmark/OWL2Bench#SportsFan"": {""avg_layer_width"": 1.5, ""edges"": 5, ""layers"": 4, ""leaves"": 3, ""max_fan_in"": 2, ""max_fan_out"": 1, ""max_layer_width"": 3, ""nodes"": 6}, ""http://benchmark/OWL2Bench#SportsLover"": {""avg_layer_width"": 1.6, ""edges"": 8, ""layers"": 5, ""leaves"": 3, ""max_fan_in"": 2, ""max_fan_out"": 2, ""max_layer_width"": 3, ""nodes"": 8}, ""http://benchmark/OWL2Bench#Student"": {""avg_layer_width"": 3.6, ""edges"": 22, ""layers"": 5, ""leaves"": 8, ""max_fan_in"": 10, ""max_fan_out"": 5, ""max_layer_width"": 8, ""nodes"": 18}, ""http://benchmark/OWL2Bench#T20CricketFan"": {""avg_layer_width"": 1.3333333333333333, ""edges"": 3, ""layers"": 3, ""leaves"": 2, ""max_fan_in"": 2, ""max_fan_out"": 1, ""max_layer_width"": 2, ""nodes"": 4}, ""http://benchmark/OWL2Bench#TeachingAssistant"": {""avg_layer_width"": 2.0, ""edges"": 7, ""layers"": 4, ""leaves"": 4, ""max_fan_in"": 3, ""max_fan_out"": 1, ""max_layer_width"": 4, ""nodes"": 8}, ""http://benchmark/OWL2Bench#UGStudent"": {""avg_layer_width"": 1.5, ""edges"": 5, ""layers"": 4, ""leaves"": 3, ""max_fan_in"": 2, ""max_fan_out"": 1, ""max_layer_width"": 3, ""nodes"": 6}}"
20260506-124917-4f6e6c403e,7,OWL2EL-1,17,143,93,4091,54811,engine,gpu-el,cpu,stratified,3,300.0,OK,,3,110.65963332657702,358.2227333196594,554.4252000011815,1269.9311333417427,8429.0,110.65963332657702,91.68516666007538,157.29573334101588,221.02970000317632,554.4252000011815,111.78786668460816,2.0,1268383744.0,4390416.0,106460.0,,,15.0,170.0,247.0,8.0,"{""assertion_update"": 9.0172000345774, ""assignment_status"": 77.1359000063967, ""atomic_domain_range"": 0.0, ""conflict_policy"": 21.32329999585636, ""dag_compile"": 15.06929998868145, ""dag_eval"": 184.96579994098283, ""data_copy"": 0.0, ""dataset_build"": 171.08000002917834, ""dependency_closure"": 0.985699996817857, ""hierarchy"": 0.0, ""horn_safe_domain_range"": 0.0, ""kgraph_adjacency"": 6.851100013591349, ""kgraph_build"": 87.04250000300817, ""kgraph_edge_buckets"": 0.125400023534894, ""kgraph_literal_features"": 1.1540999985300004, ""kgraph_negative_helpers"": 0.0017999846022576094, ""mapping_graph_scan"": 135.29460001154803, ""mapping_index"": 0.4023000074084848, ""mapping_sort"": 3.785899985814467, ""mapping_vocab_collect"": 0.007199996616691351, ""negative_blocker"": 0.002100015990436077, ""ontology_merge"": 0.05120001151226461, ""preprocessing_plan"": 0.11309998808428645, ""reasoner_setup"": 26.681299990741536, ""reflexive"": 0.0, ""reporting_compile"": 0.0, ""result_projection"": 26.74450000631623, ""sameas"": 78.77039999584667, ""sameas_state_init"": 0.0, ""schema_cache"": 51.82769999373704, ""sufficient_rule_extraction"": 22.42090000072494, ""sufficient_rule_index"": 0.10369997471570969, ""target_roles"": 0.0}","{""http://benchmark/OWL2Bench#Chair"": {""avg_layer_width"": 1.3333333333333333, ""edges"": 3, ""layers"": 3, ""leaves"": 2, ""max_fan_in"": 2, ""max_fan_out"": 1, ""max_layer_width"": 2, ""nodes"": 4}, ""http://benchmark/OWL2Bench#Dean"": {""avg_layer_width"": 1.3333333333333333, ""edges"": 3, ""layers"": 3, ""leaves"": 2, ""max_fan_in"": 2, ""max_fan_out"": 1, ""max_layer_width"": 2, ""nodes"": 4}, ""http://benchmark/OWL2Bench#Director"": {""avg_layer_width"": 1.3333333333333333, ""edges"": 3, ""layers"": 3, ""leaves"": 2, ""max_fan_in"": 2, ""max_fan_out"": 1, ""max_layer_width"": 2, ""nodes"": 4}, ""http://benchmark/OWL2Bench#Employee"": {""avg_layer_width"": 7.125, ""edges"": 123, ""layers"": 8, ""leaves"": 7, ""max_fan_in"": 16, ""max_fan_out"": 19, ""max_layer_width"": 35, ""nodes"": 57}, ""http://benchmark/OWL2Bench#Faculty"": {""avg_layer_width"": 4.0, ""edges"": 39, ""layers"": 6, ""leaves"": 7, ""max_fan_in"": 9, ""max_fan_out"": 11, ""max_layer_width"": 12, ""nodes"": 24}, ""http://benchmark/OWL2Bench#PGStudent"": {""avg_layer_width"": 1.5, ""edges"": 5, ""layers"": 4, ""leaves"": 3, ""max_fan_in"": 2, ""max_fan_out"": 1, ""max_layer_width"": 3, ""nodes"": 6}, ""http://benchmark/OWL2Bench#PeopleWithHobby"": {""avg_layer_width"": 1.6666666666666667, ""edges"": 12, ""layers"": 6, ""leaves"": 3, ""max_fan_in"": 3, ""max_fan_out"": 3, ""max_layer_width"": 3, ""nodes"": 10}, ""http://benchmark/OWL2Bench#PhDStudent"": {""avg_layer_width"": 1.5, ""edges"": 5, ""layers"": 4, ""leaves"": 3, ""max_fan_in"": 2, ""max_fan_out"": 1, ""max_layer_width"": 3, ""nodes"": 6}, ""http://benchmark/OWL2Bench#SelfAwarePerson"": {""avg_layer_width"": 1.6666666666666667, ""edges"": 4, ""layers"": 3, ""leaves"": 3, ""max_fan_in"": 2, ""max_fan_out"": 1, ""max_layer_width"": 3, ""nodes"": 5}, ""http://benchmark/OWL2Bench#SportsFan"": {""avg_layer_width"": 1.5, ""edges"": 5, ""layers"": 4, ""leaves"": 3, ""max_fan_in"": 2, ""max_fan_out"": 1, ""max_layer_width"": 3, ""nodes"": 6}, ""http://benchmark/OWL2Bench#SportsLover"": {""avg_layer_width"": 1.6, ""edges"": 8, ""layers"": 5, ""leaves"": 3, ""max_fan_in"": 2, ""max_fan_out"": 2, ""max_layer_width"": 3, ""nodes"": 8}, ""http://benchmark/OWL2Bench#Student"": {""avg_layer_width"": 3.6, ""edges"": 22, ""layers"": 5, ""leaves"": 8, ""max_fan_in"": 10, ""max_fan_out"": 5, ""max_layer_width"": 8, ""nodes"": 18}, ""http://benchmark/OWL2Bench#T20CricketFan"": {""avg_layer_width"": 1.3333333333333333, ""edges"": 3, ""layers"": 3, ""leaves"": 2, ""max_fan_in"": 2, ""max_fan_out"": 1, ""max_layer_width"": 2, ""nodes"": 4}, ""http://benchmark/OWL2Bench#TeachingAssistant"": {""avg_layer_width"": 2.0, ""edges"": 7, ""layers"": 4, ""leaves"": 4, ""max_fan_in"": 3, ""max_fan_out"": 1, ""max_layer_width"": 4, ""nodes"": 8}, ""http://benchmark/OWL2Bench#UGStudent"": {""avg_layer_width"": 1.5, ""edges"": 5, ""layers"": 4, ""leaves"": 3, ""max_fan_in"": 2, ""max_fan_out"": 1, ""max_layer_width"": 3, ""nodes"": 6}}"
20260506-124917-4f6e6c403e,8,OWL2EL-1,17,143,93,4091,54811,engine,gpu-el,cpu,admissibility,3,300.0,OK,,3,240.1386666848945,556.195433367975,0.0,3011.99519999985,7569.0,240.1386666848945,173.69156665517949,212.87269997022426,255.25560003976958,0.0,85.62443329719827,2.0,1268383744.0,4406753.0,,,,0.0,0.0,0.0,0.0,"{""assertion_update"": 6.650300056207925, ""assignment_status"": 0.0, ""atomic_domain_range"": 0.0, ""conflict_policy"": 0.0, ""dag_compile"": 68.04509996436536, ""dag_eval"": 270.939800015185, ""data_copy"": 0.0, ""dataset_build"": 446.6426999424584, ""dependency_closure"": 0.5725999944843352, ""hierarchy"": 0.0, ""horn_safe_domain_range"": 0.0, ""kgraph_adjacency"": 19.076800002949312, ""kgraph_build"": 211.95189998252317, ""kgraph_edge_buckets"": 0.3845000173896551, ""kgraph_literal_features"": 2.944499981822446, ""kgraph_negative_helpers"": 0.00680002267472446, ""mapping_graph_scan"": 316.3386000087485, ""mapping_index"": 2.041000028839335, ""mapping_sort"": 12.078300031134859, ""mapping_vocab_collect"": 0.01160003012046218, ""negative_blocker"": 0.0, ""ontology_merge"": 0.04949999856762588, ""preprocessing_plan"": 0.2125999890267849, ""reasoner_setup"": 19.36020000721328, ""reflexive"": 0.0, ""reporting_compile"": 0.0, ""result_projection"": 0.0, ""sameas"": 188.67009997484274, ""sameas_state_init"": 0.0, ""schema_cache"": 89.09609998227097, ""sufficient_rule_extraction"": 21.727199986344203, ""sufficient_rule_index"": 0.10129998554475605, ""target_roles"": 0.0}",
20260506-124917-4f6e6c403e,9,OWL2EL-1,17,143,93,4091,54811,engine,gpu-el,cpu,filtered_admissibility,3,300.0,OK,,3,430.2243333174071,796.8214333523065,0.0,8237.623833333297,7569.0,430.2243333174071,286.2046666559763,365.2443333218495,335.5698667000979,0.0,190.19743332561725,1.0,1271919957.3333333,4406753.0,106460.0,,,15.0,170.0,247.0,8.0,"{""assertion_update"": 7.726899988483638, ""assignment_status"": 0.0, ""atomic_domain_range"": 0.0, ""conflict_policy"": 0.0, ""dag_compile"": 147.85310003207996, ""dag_eval"": 337.1947000559885, ""data_copy"": 0.0, ""dataset_build"": 722.7843999571633, ""dependency_closure"": 0.9290999732911587, ""hierarchy"": 0.0, ""horn_safe_domain_range"": 0.0, ""kgraph_adjacency"": 33.868700033053756, ""kgraph_build"": 337.47719999519177, ""kgraph_edge_buckets"": 0.662600010400638, ""kgraph_literal_features"": 4.249200021149591, ""kgraph_negative_helpers"": 0.052499992307275534, ""mapping_graph_scan"": 532.4612999975216, ""mapping_index"": 2.2834000119473785, ""mapping_sort"": 23.424999963026494, ""mapping_vocab_collect"": 0.032400013878941536, ""negative_blocker"": 0.0, ""ontology_merge"": 0.17939999816007912, ""preprocessing_plan"": 0.5000999954063445, ""reasoner_setup"": 24.11309999297373, ""reflexive"": 0.0, ""reporting_compile"": 0.0, ""result_projection"": 0.0, ""sameas"": 298.7696999916807, ""sameas_state_init"": 0.0, ""schema_cache"": 148.38379999855533, ""sufficient_rule_extraction"": 43.97239998797886, ""sufficient_rule_index"": 0.2783999952953309, ""target_roles"": 0.0}","{""http://benchmark/OWL2Bench#Chair"": {""avg_layer_width"": 1.3333333333333333, ""edges"": 3, ""layers"": 3, ""leaves"": 2, ""max_fan_in"": 2, ""max_fan_out"": 1, ""max_layer_width"": 2, ""nodes"": 4}, ""http://benchmark/OWL2Bench#Dean"": {""avg_layer_width"": 1.3333333333333333, ""edges"": 3, ""layers"": 3, ""leaves"": 2, ""max_fan_in"": 2, ""max_fan_out"": 1, ""max_layer_width"": 2, ""nodes"": 4}, ""http://benchmark/OWL2Bench#Director"": {""avg_layer_width"": 1.3333333333333333, ""edges"": 3, ""layers"": 3, ""leaves"": 2, ""max_fan_in"": 2, ""max_fan_out"": 1, ""max_layer_width"": 2, ""nodes"": 4}, ""http://benchmark/OWL2Bench#Employee"": {""avg_layer_width"": 7.125, ""edges"": 123, ""layers"": 8, ""leaves"": 7, ""max_fan_in"": 16, ""max_fan_out"": 19, ""max_layer_width"": 35, ""nodes"": 57}, ""http://benchmark/OWL2Bench#Faculty"": {""avg_layer_width"": 4.0, ""edges"": 39, ""layers"": 6, ""leaves"": 7, ""max_fan_in"": 9, ""max_fan_out"": 11, ""max_layer_width"": 12, ""nodes"": 24}, ""http://benchmark/OWL2Bench#PGStudent"": {""avg_layer_width"": 1.5, ""edges"": 5, ""layers"": 4, ""leaves"": 3, ""max_fan_in"": 2, ""max_fan_out"": 1, ""max_layer_width"": 3, ""nodes"": 6}, ""http://benchmark/OWL2Bench#PeopleWithHobby"": {""avg_layer_width"": 1.6666666666666667, ""edges"": 12, ""layers"": 6, ""leaves"": 3, ""max_fan_in"": 3, ""max_fan_out"": 3, ""max_layer_width"": 3, ""nodes"": 10}, ""http://benchmark/OWL2Bench#PhDStudent"": {""avg_layer_width"": 1.5, ""edges"": 5, ""layers"": 4, ""leaves"": 3, ""max_fan_in"": 2, ""max_fan_out"": 1, ""max_layer_width"": 3, ""nodes"": 6}, ""http://benchmark/OWL2Bench#SelfAwarePerson"": {""avg_layer_width"": 1.6666666666666667, ""edges"": 4, ""layers"": 3, ""leaves"": 3, ""max_fan_in"": 2, ""max_fan_out"": 1, ""max_layer_width"": 3, ""nodes"": 5}, ""http://benchmark/OWL2Bench#SportsFan"": {""avg_layer_width"": 1.5, ""edges"": 5, ""layers"": 4, ""leaves"": 3, ""max_fan_in"": 2, ""max_fan_out"": 1, ""max_layer_width"": 3, ""nodes"": 6}, ""http://benchmark/OWL2Bench#SportsLover"": {""avg_layer_width"": 1.6, ""edges"": 8, ""layers"": 5, ""leaves"": 3, ""max_fan_in"": 2, ""max_fan_out"": 2, ""max_layer_width"": 3, ""nodes"": 8}, ""http://benchmark/OWL2Bench#Student"": {""avg_layer_width"": 3.6, ""edges"": 22, ""layers"": 5, ""leaves"": 8, ""max_fan_in"": 10, ""max_fan_out"": 5, ""max_layer_width"": 8, ""nodes"": 18}, ""http://benchmark/OWL2Bench#T20CricketFan"": {""avg_layer_width"": 1.3333333333333333, ""edges"": 3, ""layers"": 3, ""leaves"": 2, ""max_fan_in"": 2, ""max_fan_out"": 1, ""max_layer_width"": 2, ""nodes"": 4}, ""http://benchmark/OWL2Bench#TeachingAssistant"": {""avg_layer_width"": 2.0, ""edges"": 7, ""layers"": 4, ""leaves"": 4, ""max_fan_in"": 3, ""max_fan_out"": 1, ""max_layer_width"": 4, ""nodes"": 8}, ""http://benchmark/OWL2Bench#UGStudent"": {""avg_layer_width"": 1.5, ""edges"": 5, ""layers"": 4, ""leaves"": 3, ""max_fan_in"": 2, ""max_fan_out"": 1, ""max_layer_width"": 3, ""nodes"": 6}}"
20260506-124917-4f6e6c403e,10,OWL2EL-1,17,143,93,4091,54811,engine,gpu-el,cuda,stratified,3,300.0,OK,,3,97.04099998149711,1939.5451290998608,527.6439000056902,2810.8515000009597,8429.0,97.04099998149711,79.37646667899874,232.33310000311272,1728.7314957492829,527.6439000056902,100.89593333153364,2.0,1278992384.0,4390416.0,106460.0,18404352.0,27262976.0,15.0,170.0,247.0,8.0,"{""assertion_update"": 8.281499962322414, ""assignment_status"": 89.74600001238286, ""atomic_domain_range"": 0.0, ""conflict_policy"": 38.97789999609813, ""dag_compile"": 16.915100015467033, ""dag_eval"": 1642.569278717041, ""data_copy"": 0.0, ""dataset_build"": 181.39660003362224, ""dependency_closure"": 0.8779999916441739, ""hierarchy"": 0.0, ""horn_safe_domain_range"": 0.0, ""kgraph_adjacency"": 10.274800006300211, ""kgraph_build"": 93.75670002191328, ""kgraph_edge_buckets"": 0.12509999214671552, ""kgraph_literal_features"": 1.1280000035185367, ""kgraph_negative_helpers"": 0.0023999891709536314, ""mapping_graph_scan"": 147.22700000857003, ""mapping_index"": 0.44510001316666603, ""mapping_sort"": 3.972699982114136, ""mapping_vocab_collect"": 0.007599999662488699, ""negative_blocker"": 0.0018999853637069464, ""ontology_merge"": 0.051499984692782164, ""preprocessing_plan"": 0.13050000416114926, ""reasoner_setup"": 97.74960001232103, ""reflexive"": 0.0, ""reporting_compile"": 0.0, ""result_projection"": 31.270200008293614, ""sameas"": 82.49240001896396, ""sameas_state_init"": 0.0, ""schema_cache"": 65.13349997112527, ""sufficient_rule_extraction"": 44.668199989246204, ""sufficient_rule_index"": 0.10010000551119447, ""target_roles"": 0.0}","{""http://benchmark/OWL2Bench#Chair"": {""avg_layer_width"": 1.3333333333333333, ""edges"": 3, ""layers"": 3, ""leaves"": 2, ""max_fan_in"": 2, ""max_fan_out"": 1, ""max_layer_width"": 2, ""nodes"": 4}, ""http://benchmark/OWL2Bench#Dean"": {""avg_layer_width"": 1.3333333333333333, ""edges"": 3, ""layers"": 3, ""leaves"": 2, ""max_fan_in"": 2, ""max_fan_out"": 1, ""max_layer_width"": 2, ""nodes"": 4}, ""http://benchmark/OWL2Bench#Director"": {""avg_layer_width"": 1.3333333333333333, ""edges"": 3, ""layers"": 3, ""leaves"": 2, ""max_fan_in"": 2, ""max_fan_out"": 1, ""max_layer_width"": 2, ""nodes"": 4}, ""http://benchmark/OWL2Bench#Employee"": {""avg_layer_width"": 7.125, ""edges"": 123, ""layers"": 8, ""leaves"": 7, ""max_fan_in"": 16, ""max_fan_out"": 19, ""max_layer_width"": 35, ""nodes"": 57}, ""http://benchmark/OWL2Bench#Faculty"": {""avg_layer_width"": 4.0, ""edges"": 39, ""layers"": 6, ""leaves"": 7, ""max_fan_in"": 9, ""max_fan_out"": 11, ""max_layer_width"": 12, ""nodes"": 24}, ""http://benchmark/OWL2Bench#PGStudent"": {""avg_layer_width"": 1.5, ""edges"": 5, ""layers"": 4, ""leaves"": 3, ""max_fan_in"": 2, ""max_fan_out"": 1, ""max_layer_width"": 3, ""nodes"": 6}, ""http://benchmark/OWL2Bench#PeopleWithHobby"": {""avg_layer_width"": 1.6666666666666667, ""edges"": 12, ""layers"": 6, ""leaves"": 3, ""max_fan_in"": 3, ""max_fan_out"": 3, ""max_layer_width"": 3, ""nodes"": 10}, ""http://benchmark/OWL2Bench#PhDStudent"": {""avg_layer_width"": 1.5, ""edges"": 5, ""layers"": 4, ""leaves"": 3, ""max_fan_in"": 2, ""max_fan_out"": 1, ""max_layer_width"": 3, ""nodes"": 6}, ""http://benchmark/OWL2Bench#SelfAwarePerson"": {""avg_layer_width"": 1.6666666666666667, ""edges"": 4, ""layers"": 3, ""leaves"": 3, ""max_fan_in"": 2, ""max_fan_out"": 1, ""max_layer_width"": 3, ""nodes"": 5}, ""http://benchmark/OWL2Bench#SportsFan"": {""avg_layer_width"": 1.5, ""edges"": 5, ""layers"": 4, ""leaves"": 3, ""max_fan_in"": 2, ""max_fan_out"": 1, ""max_layer_width"": 3, ""nodes"": 6}, ""http://benchmark/OWL2Bench#SportsLover"": {""avg_layer_width"": 1.6, ""edges"": 8, ""layers"": 5, ""leaves"": 3, ""max_fan_in"": 2, ""max_fan_out"": 2, ""max_layer_width"": 3, ""nodes"": 8}, ""http://benchmark/OWL2Bench#Student"": {""avg_layer_width"": 3.6, ""edges"": 22, ""layers"": 5, ""leaves"": 8, ""max_fan_in"": 10, ""max_fan_out"": 5, ""max_layer_width"": 8, ""nodes"": 18}, ""http://benchmark/OWL2Bench#T20CricketFan"": {""avg_layer_width"": 1.3333333333333333, ""edges"": 3, ""layers"": 3, ""leaves"": 2, ""max_fan_in"": 2, ""max_fan_out"": 1, ""max_layer_width"": 2, ""nodes"": 4}, ""http://benchmark/OWL2Bench#TeachingAssistant"": {""avg_layer_width"": 2.0, ""edges"": 7, ""layers"": 4, ""leaves"": 4, ""max_fan_in"": 3, ""max_fan_out"": 1, ""max_layer_width"": 4, ""nodes"": 8}, ""http://benchmark/OWL2Bench#UGStudent"": {""avg_layer_width"": 1.5, ""edges"": 5, ""layers"": 4, ""leaves"": 3, ""max_fan_in"": 2, ""max_fan_out"": 1, ""max_layer_width"": 3, ""nodes"": 6}}"
20260506-124917-4f6e6c403e,11,OWL2EL-1,17,143,93,4091,54811,engine,gpu-el,cuda,admissibility,3,300.0,OK,,3,243.10506665885137,3124.9380626545753,0.0,5983.765066659544,7569.0,243.10506665885137,168.0136333355525,305.81029997362447,2743.956129319345,0.0,92.84199997394656,2.0,1278992384.0,4406753.0,,18404352.0,27262976.0,0.0,0.0,0.0,0.0,"{""assertion_update"": 11.170199984917417, ""assignment_status"": 0.0, ""atomic_domain_range"": 0.0, ""conflict_policy"": 0.0, ""dag_compile"": 61.89840004662983, ""dag_eval"": 2700.8749145655893, ""data_copy"": 0.0, ""dataset_build"": 410.5303000542335, ""dependency_closure"": 0.49259999650530517, ""hierarchy"": 0.0, ""horn_safe_domain_range"": 0.0, ""kgraph_adjacency"": 22.337000002153218, ""kgraph_build"": 191.87999999849126, ""kgraph_edge_buckets"": 0.28989999555051327, ""kgraph_literal_features"": 2.704100013943389, ""kgraph_negative_helpers"": 0.00890000956133008, ""mapping_graph_scan"": 338.20749999722466, ""mapping_index"": 0.8174999966286123, ""mapping_sort"": 10.955099976854399, ""mapping_vocab_collect"": 0.01109996810555458, ""negative_blocker"": 0.0, ""ontology_merge"": 0.05020000389777124, ""preprocessing_plan"": 0.15969999367371202, ""reasoner_setup"": 111.62250000052154, ""reflexive"": 0.0, ""reporting_compile"": 0.0, ""result_projection"": 0.0, ""sameas"": 166.83890001149848, ""sameas_state_init"": 0.0, ""schema_cache"": 83.70069999364205, ""sufficient_rule_extraction"": 20.15450000180863, ""sufficient_rule_index"": 0.08019999950192869, ""target_roles"": 0.0}",
20260506-124917-4f6e6c403e,12,OWL2EL-1,17,143,93,4091,54811,engine,gpu-el,cuda,filtered_admissibility,3,300.0,OK,,3,431.68583332832594,4451.429090269298,0.0,12465.96263332564,7569.0,431.68583332832594,296.7437999905087,404.89826661845046,3938.762623662207,0.0,188.97560000186786,1.0,1278992384.0,4406753.0,106460.0,18404352.0,27262976.0,15.0,170.0,247.0,8.0,"{""assertion_update"": 16.304600052535534, ""assignment_status"": 0.0, ""atomic_domain_range"": 0.0, ""conflict_policy"": 0.0, ""dag_compile"": 103.80629997234792, ""dag_eval"": 3670.077222196618, ""data_copy"": 0.0, ""dataset_build"": 700.0418999232352, ""dependency_closure"": 0.6296999927144498, ""hierarchy"": 0.0, ""horn_safe_domain_range"": 0.0, ""kgraph_adjacency"": 34.433199994964525, ""kgraph_build"": 318.47349999588914, ""kgraph_edge_buckets"": 0.6934000120963901, ""kgraph_literal_features"": 4.7432000283151865, ""kgraph_negative_helpers"": 0.2248000237159431, ""mapping_graph_scan"": 587.9987999796867, ""mapping_index"": 1.740300009259954, ""mapping_sort"": 16.329400008544326, ""mapping_vocab_collect"": 0.01729998621158302, ""negative_blocker"": 0.0, ""ontology_merge"": 0.15959999291226268, ""preprocessing_plan"": 0.3773999633267522, ""reasoner_setup"": 120.17859998741187, ""reflexive"": 0.0, ""reporting_compile"": 0.0, ""result_projection"": 0.0, ""sameas"": 279.2104999825824, ""sameas_state_init"": 0.0, ""schema_cache"": 172.04460001084954, ""sufficient_rule_extraction"": 49.492399994051084, ""sufficient_rule_index"": 0.28899998869746923, ""target_roles"": 0.0}","{""http://benchmark/OWL2Bench#Chair"": {""avg_layer_width"": 1.3333333333333333, ""edges"": 3, ""layers"": 3, ""leaves"": 2, ""max_fan_in"": 2, ""max_fan_out"": 1, ""max_layer_width"": 2, ""nodes"": 4}, ""http://benchmark/OWL2Bench#Dean"": {""avg_layer_width"": 1.3333333333333333, ""edges"": 3, ""layers"": 3, ""leaves"": 2, ""max_fan_in"": 2, ""max_fan_out"": 1, ""max_layer_width"": 2, ""nodes"": 4}, ""http://benchmark/OWL2Bench#Director"": {""avg_layer_width"": 1.3333333333333333, ""edges"": 3, ""layers"": 3, ""leaves"": 2, ""max_fan_in"": 2, ""max_fan_out"": 1, ""max_layer_width"": 2, ""nodes"": 4}, ""http://benchmark/OWL2Bench#Employee"": {""avg_layer_width"": 7.125, ""edges"": 123, ""layers"": 8, ""leaves"": 7, ""max_fan_in"": 16, ""max_fan_out"": 19, ""max_layer_width"": 35, ""nodes"": 57}, ""http://benchmark/OWL2Bench#Faculty"": {""avg_layer_width"": 4.0, ""edges"": 39, ""layers"": 6, ""leaves"": 7, ""max_fan_in"": 9, ""max_fan_out"": 11, ""max_layer_width"": 12, ""nodes"": 24}, ""http://benchmark/OWL2Bench#PGStudent"": {""avg_layer_width"": 1.5, ""edges"": 5, ""layers"": 4, ""leaves"": 3, ""max_fan_in"": 2, ""max_fan_out"": 1, ""max_layer_width"": 3, ""nodes"": 6}, ""http://benchmark/OWL2Bench#PeopleWithHobby"": {""avg_layer_width"": 1.6666666666666667, ""edges"": 12, ""layers"": 6, ""leaves"": 3, ""max_fan_in"": 3, ""max_fan_out"": 3, ""max_layer_width"": 3, ""nodes"": 10}, ""http://benchmark/OWL2Bench#PhDStudent"": {""avg_layer_width"": 1.5, ""edges"": 5, ""layers"": 4, ""leaves"": 3, ""max_fan_in"": 2, ""max_fan_out"": 1, ""max_layer_width"": 3, ""nodes"": 6}, ""http://benchmark/OWL2Bench#SelfAwarePerson"": {""avg_layer_width"": 1.6666666666666667, ""edges"": 4, ""layers"": 3, ""leaves"": 3, ""max_fan_in"": 2, ""max_fan_out"": 1, ""max_layer_width"": 3, ""nodes"": 5}, ""http://benchmark/OWL2Bench#SportsFan"": {""avg_layer_width"": 1.5, ""edges"": 5, ""layers"": 4, ""leaves"": 3, ""max_fan_in"": 2, ""max_fan_out"": 1, ""max_layer_width"": 3, ""nodes"": 6}, ""http://benchmark/OWL2Bench#SportsLover"": {""avg_layer_width"": 1.6, ""edges"": 8, ""layers"": 5, ""leaves"": 3, ""max_fan_in"": 2, ""max_fan_out"": 2, ""max_layer_width"": 3, ""nodes"": 8}, ""http://benchmark/OWL2Bench#Student"": {""avg_layer_width"": 3.6, ""edges"": 22, ""layers"": 5, ""leaves"": 8, ""max_fan_in"": 10, ""max_fan_out"": 5, ""max_layer_width"": 8, ""nodes"": 18}, ""http://benchmark/OWL2Bench#T20CricketFan"": {""avg_layer_width"": 1.3333333333333333, ""edges"": 3, ""layers"": 3, ""leaves"": 2, ""max_fan_in"": 2, ""max_fan_out"": 1, ""max_layer_width"": 2, ""nodes"": 4}, ""http://benchmark/OWL2Bench#TeachingAssistant"": {""avg_layer_width"": 2.0, ""edges"": 7, ""layers"": 4, ""leaves"": 4, ""max_fan_in"": 3, ""max_fan_out"": 1, ""max_layer_width"": 4, ""nodes"": 8}, ""http://benchmark/OWL2Bench#UGStudent"": {""avg_layer_width"": 1.5, ""edges"": 5, ""layers"": 4, ""leaves"": 3, ""max_fan_in"": 2, ""max_fan_out"": 1, ""max_layer_width"": 3, ""nodes"": 6}}"
20260506-124917-4f6e6c403e,13,OWL2EL-1,17,143,93,4091,54811,engine,gpu-el-full,cpu,stratified,3,300.0,OK,,3,714.0958999904493,1465.3955333536335,1140.4084666670922,3344.363633339526,8429.0,714.0958999904493,667.3393666666622,171.09833334689029,736.3335000021228,1140.4084666670922,109.37566666204172,2.0,1303121920.0,17388140.0,106460.0,,,15.0,170.0,247.0,8.0,"{""assertion_update"": 15.663999947719276, ""assignment_status"": 141.02940002339892, ""atomic_domain_range"": 0.0, ""conflict_policy"": 942.1690999879502, ""dag_compile"": 19.491000042762607, ""dag_eval"": 780.0176000164356, ""data_copy"": 0.0, ""dataset_build"": 1421.9738999963738, ""dependency_closure"": 0.6518999871332198, ""hierarchy"": 0.0, ""horn_safe_domain_range"": 0.0, ""kgraph_adjacency"": 21.898900013184175, ""kgraph_build"": 714.3287000071723, ""kgraph_edge_buckets"": 0.2018999948631972, ""kgraph_literal_features"": 171.17789998883381, ""kgraph_negative_helpers"": 0.003100023604929447, ""mapping_graph_scan"": 302.9013999912422, ""mapping_index"": 12.881400005426258, ""mapping_sort"": 63.33689999883063, ""mapping_vocab_collect"": 0.008000002708286047, ""negative_blocker"": 0.006599992047995329, ""ontology_merge"": 0.07700000423938036, ""preprocessing_plan"": 0.09099999442696571, ""reasoner_setup"": 30.064599995967, ""reflexive"": 0.0, ""reporting_compile"": 0.0, ""result_projection"": 271.7365999997128, ""sameas"": 688.0250000103842, ""sameas_state_init"": 0.0, ""schema_cache"": 77.24909999524243, ""sufficient_rule_extraction"": 41.89929997664876, ""sufficient_rule_index"": 0.19650001195259392, ""target_roles"": 0.0}","{""http://benchmark/OWL2Bench#Chair"": {""avg_layer_width"": 1.3333333333333333, ""edges"": 3, ""layers"": 3, ""leaves"": 2, ""max_fan_in"": 2, ""max_fan_out"": 1, ""max_layer_width"": 2, ""nodes"": 4}, ""http://benchmark/OWL2Bench#Dean"": {""avg_layer_width"": 1.3333333333333333, ""edges"": 3, ""layers"": 3, ""leaves"": 2, ""max_fan_in"": 2, ""max_fan_out"": 1, ""max_layer_width"": 2, ""nodes"": 4}, ""http://benchmark/OWL2Bench#Director"": {""avg_layer_width"": 1.3333333333333333, ""edges"": 3, ""layers"": 3, ""leaves"": 2, ""max_fan_in"": 2, ""max_fan_out"": 1, ""max_layer_width"": 2, ""nodes"": 4}, ""http://benchmark/OWL2Bench#Employee"": {""avg_layer_width"": 7.125, ""edges"": 123, ""layers"": 8, ""leaves"": 7, ""max_fan_in"": 16, ""max_fan_out"": 19, ""max_layer_width"": 35, ""nodes"": 57}, ""http://benchmark/OWL2Bench#Faculty"": {""avg_layer_width"": 4.0, ""edges"": 39, ""layers"": 6, ""leaves"": 7, ""max_fan_in"": 9, ""max_fan_out"": 11, ""max_layer_width"": 12, ""nodes"": 24}, ""http://benchmark/OWL2Bench#PGStudent"": {""avg_layer_width"": 1.5, ""edges"": 5, ""layers"": 4, ""leaves"": 3, ""max_fan_in"": 2, ""max_fan_out"": 1, ""max_layer_width"": 3, ""nodes"": 6}, ""http://benchmark/OWL2Bench#PeopleWithHobby"": {""avg_layer_width"": 1.6666666666666667, ""edges"": 12, ""layers"": 6, ""leaves"": 3, ""max_fan_in"": 3, ""max_fan_out"": 3, ""max_layer_width"": 3, ""nodes"": 10}, ""http://benchmark/OWL2Bench#PhDStudent"": {""avg_layer_width"": 1.5, ""edges"": 5, ""layers"": 4, ""leaves"": 3, ""max_fan_in"": 2, ""max_fan_out"": 1, ""max_layer_width"": 3, ""nodes"": 6}, ""http://benchmark/OWL2Bench#SelfAwarePerson"": {""avg_layer_width"": 1.6666666666666667, ""edges"": 4, ""layers"": 3, ""leaves"": 3, ""max_fan_in"": 2, ""max_fan_out"": 1, ""max_layer_width"": 3, ""nodes"": 5}, ""http://benchmark/OWL2Bench#SportsFan"": {""avg_layer_width"": 1.5, ""edges"": 5, ""layers"": 4, ""leaves"": 3, ""max_fan_in"": 2, ""max_fan_out"": 1, ""max_layer_width"": 3, ""nodes"": 6}, ""http://benchmark/OWL2Bench#SportsLover"": {""avg_layer_width"": 1.6, ""edges"": 8, ""layers"": 5, ""leaves"": 3, ""max_fan_in"": 2, ""max_fan_out"": 2, ""max_layer_width"": 3, ""nodes"": 8}, ""http://benchmark/OWL2Bench#Student"": {""avg_layer_width"": 3.6, ""edges"": 22, ""layers"": 5, ""leaves"": 8, ""max_fan_in"": 10, ""max_fan_out"": 5, ""max_layer_width"": 8, ""nodes"": 18}, ""http://benchmark/OWL2Bench#T20CricketFan"": {""avg_layer_width"": 1.3333333333333333, ""edges"": 3, ""layers"": 3, ""leaves"": 2, ""max_fan_in"": 2, ""max_fan_out"": 1, ""max_layer_width"": 2, ""nodes"": 4}, ""http://benchmark/OWL2Bench#TeachingAssistant"": {""avg_layer_width"": 2.0, ""edges"": 7, ""layers"": 4, ""leaves"": 4, ""max_fan_in"": 3, ""max_fan_out"": 1, ""max_layer_width"": 4, ""nodes"": 8}, ""http://benchmark/OWL2Bench#UGStudent"": {""avg_layer_width"": 1.5, ""edges"": 5, ""layers"": 4, ""leaves"": 3, ""max_fan_in"": 2, ""max_fan_out"": 1, ""max_layer_width"": 3, ""nodes"": 6}}"
20260506-124917-4f6e6c403e,14,OWL2EL-1,17,143,93,4091,54811,engine,gpu-el-full,cpu,admissibility,3,300.0,OK,,3,1308.1293999857735,2188.3269332659743,0.0,7432.96716666858,7569.0,1308.1293999857735,1186.1943666687391,277.5853333005216,844.7136999651169,0.0,120.1664666684034,2.0,1303121920.0,17453805.0,,,,0.0,0.0,0.0,0.0,"{""assertion_update"": 12.773799971910194, ""assignment_status"": 0.0, ""atomic_domain_range"": 0.0, ""conflict_policy"": 0.0, ""dag_compile"": 97.0196999842301, ""dag_eval"": 825.9735000610817, ""data_copy"": 0.0, ""dataset_build"": 2519.725199934328, ""dependency_closure"": 1.5950000088196248, ""hierarchy"": 0.0, ""horn_safe_domain_range"": 0.0, ""kgraph_adjacency"": 49.26780000096187, ""kgraph_build"": 1256.075499986764, ""kgraph_edge_buckets"": 0.988499989034608, ""kgraph_literal_features"": 185.167099989485, ""kgraph_negative_helpers"": 0.010000017937272787, ""mapping_graph_scan"": 353.64970003138296, ""mapping_index"": 16.934999992372468, ""mapping_sort"": 68.32029996439815, ""mapping_vocab_collect"": 0.011099997209385037, ""negative_blocker"": 0.0, ""ontology_merge"": 0.04569999873638153, ""preprocessing_plan"": 0.38720000884495676, ""reasoner_setup"": 26.61250001983717, ""reflexive"": 0.0, ""reporting_compile"": 0.0, ""result_projection"": 0.0, ""sameas"": 1200.4720999975689, ""sameas_state_init"": 0.0, ""schema_cache"": 89.56009999383241, ""sufficient_rule_extraction"": 23.733199981506914, ""sufficient_rule_index"": 0.08009999874047935, ""target_roles"": 0.0}",
20260506-124917-4f6e6c403e,15,OWL2EL-1,17,143,93,4091,54811,engine,gpu-el-full,cpu,filtered_admissibility,3,300.0,OK,,3,2199.1554666989637,3090.8549665958467,0.0,16180.467500002123,7569.0,2199.1554666989637,1983.7875999995351,352.5596999485667,919.2388666269835,0.0,164.73119997923882,1.0,1422828885.3333333,17453805.0,106460.0,,,15.0,170.0,247.0,8.0,"{""assertion_update"": 10.582699993392453, ""assignment_status"": 0.0, ""atomic_domain_range"": 0.0, ""conflict_policy"": 0.0, ""dag_compile"": 140.39399998728186, ""dag_eval"": 945.6767000956461, ""data_copy"": 0.0, ""dataset_build"": 4221.5547000814695, ""dependency_closure"": 0.8864999981597066, ""hierarchy"": 0.0, ""horn_safe_domain_range"": 0.0, ""kgraph_adjacency"": 82.39899997715838, ""kgraph_build"": 2080.811400024686, ""kgraph_edge_buckets"": 0.6365999870467931, ""kgraph_literal_features"": 364.0977000177372, ""kgraph_negative_helpers"": 0.49229999422095716, ""mapping_graph_scan"": 685.567100008484, ""mapping_index"": 30.95830001984723, ""mapping_sort"": 120.93170004663989, ""mapping_vocab_collect"": 0.020499981474131346, ""negative_blocker"": 0.0, ""ontology_merge"": 0.10560001828707755, ""preprocessing_plan"": 0.30410001636482775, ""reasoner_setup"": 40.309300005901605, ""reflexive"": 0.0, ""reporting_compile"": 0.0, ""result_projection"": 0.0, ""sameas"": 1988.684200012358, ""sameas_state_init"": 0.0, ""schema_cache"": 148.7887999683153, ""sufficient_rule_extraction"": 18.956699990667403, ""sufficient_rule_index"": 0.08239998714998364, ""target_roles"": 0.0}","{""http://benchmark/OWL2Bench#Chair"": {""avg_layer_width"": 1.3333333333333333, ""edges"": 3, ""layers"": 3, ""leaves"": 2, ""max_fan_in"": 2, ""max_fan_out"": 1, ""max_layer_width"": 2, ""nodes"": 4}, ""http://benchmark/OWL2Bench#Dean"": {""avg_layer_width"": 1.3333333333333333, ""edges"": 3, ""layers"": 3, ""leaves"": 2, ""max_fan_in"": 2, ""max_fan_out"": 1, ""max_layer_width"": 2, ""nodes"": 4}, ""http://benchmark/OWL2Bench#Director"": {""avg_layer_width"": 1.3333333333333333, ""edges"": 3, ""layers"": 3, ""leaves"": 2, ""max_fan_in"": 2, ""max_fan_out"": 1, ""max_layer_width"": 2, ""nodes"": 4}, ""http://benchmark/OWL2Bench#Employee"": {""avg_layer_width"": 7.125, ""edges"": 123, ""layers"": 8, ""leaves"": 7, ""max_fan_in"": 16, ""max_fan_out"": 19, ""max_layer_width"": 35, ""nodes"": 57}, ""http://benchmark/OWL2Bench#Faculty"": {""avg_layer_width"": 4.0, ""edges"": 39, ""layers"": 6, ""leaves"": 7, ""max_fan_in"": 9, ""max_fan_out"": 11, ""max_layer_width"": 12, ""nodes"": 24}, ""http://benchmark/OWL2Bench#PGStudent"": {""avg_layer_width"": 1.5, ""edges"": 5, ""layers"": 4, ""leaves"": 3, ""max_fan_in"": 2, ""max_fan_out"": 1, ""max_layer_width"": 3, ""nodes"": 6}, ""http://benchmark/OWL2Bench#PeopleWithHobby"": {""avg_layer_width"": 1.6666666666666667, ""edges"": 12, ""layers"": 6, ""leaves"": 3, ""max_fan_in"": 3, ""max_fan_out"": 3, ""max_layer_width"": 3, ""nodes"": 10}, ""http://benchmark/OWL2Bench#PhDStudent"": {""avg_layer_width"": 1.5, ""edges"": 5, ""layers"": 4, ""leaves"": 3, ""max_fan_in"": 2, ""max_fan_out"": 1, ""max_layer_width"": 3, ""nodes"": 6}, ""http://benchmark/OWL2Bench#SelfAwarePerson"": {""avg_layer_width"": 1.6666666666666667, ""edges"": 4, ""layers"": 3, ""leaves"": 3, ""max_fan_in"": 2, ""max_fan_out"": 1, ""max_layer_width"": 3, ""nodes"": 5}, ""http://benchmark/OWL2Bench#SportsFan"": {""avg_layer_width"": 1.5, ""edges"": 5, ""layers"": 4, ""leaves"": 3, ""max_fan_in"": 2, ""max_fan_out"": 1, ""max_layer_width"": 3, ""nodes"": 6}, ""http://benchmark/OWL2Bench#SportsLover"": {""avg_layer_width"": 1.6, ""edges"": 8, ""layers"": 5, ""leaves"": 3, ""max_fan_in"": 2, ""max_fan_out"": 2, ""max_layer_width"": 3, ""nodes"": 8}, ""http://benchmark/OWL2Bench#Student"": {""avg_layer_width"": 3.6, ""edges"": 22, ""layers"": 5, ""leaves"": 8, ""max_fan_in"": 10, ""max_fan_out"": 5, ""max_layer_width"": 8, ""nodes"": 18}, ""http://benchmark/OWL2Bench#T20CricketFan"": {""avg_layer_width"": 1.3333333333333333, ""edges"": 3, ""layers"": 3, ""leaves"": 2, ""max_fan_in"": 2, ""max_fan_out"": 1, ""max_layer_width"": 2, ""nodes"": 4}, ""http://benchmark/OWL2Bench#TeachingAssistant"": {""avg_layer_width"": 2.0, ""edges"": 7, ""layers"": 4, ""leaves"": 4, ""max_fan_in"": 3, ""max_fan_out"": 1, ""max_layer_width"": 4, ""nodes"": 8}, ""http://benchmark/OWL2Bench#UGStudent"": {""avg_layer_width"": 1.5, ""edges"": 5, ""layers"": 4, ""leaves"": 3, ""max_fan_in"": 2, ""max_fan_out"": 1, ""max_layer_width"": 3, ""nodes"": 6}}"
20260506-124917-4f6e6c403e,16,OWL2EL-1,17,143,93,4091,54811,engine,gpu-el-full,cuda,stratified,3,300.0,OK,,3,539.1796333327269,2418.1655359069505,729.2864000191912,3745.9781333357873,8429.0,539.1796333327269,487.1350666702104,250.21836666079858,1769.457802572598,729.2864000191912,88.64569999665643,2.0,1445101568.0,17388140.0,106460.0,44987904.0,56623104.0,15.0,170.0,247.0,8.0,"{""assertion_update"": 22.296299983281642, ""assignment_status"": 81.86740000382997, ""atomic_domain_range"": 0.0, ""conflict_policy"": 36.386099993251264, ""dag_compile"": 17.90360000450164, ""dag_eval"": 1724.7530479431152, ""data_copy"": 0.0, ""dataset_build"": 1048.3894999779295, ""dependency_closure"": 0.5657000001519918, ""hierarchy"": 0.0, ""horn_safe_domain_range"": 0.0, ""kgraph_adjacency"": 25.579099979950115, ""kgraph_build"": 529.9870999879204, ""kgraph_edge_buckets"": 0.17499999376013875, ""kgraph_literal_features"": 94.49039999162778, ""kgraph_negative_helpers"": 0.00200001522898674, ""mapping_graph_scan"": 198.76379999914207, ""mapping_index"": 7.6948000059928745, ""mapping_sort"": 34.20829999959096, ""mapping_vocab_collect"": 0.004599976819008589, ""negative_blocker"": 0.0040000013541430235, ""ontology_merge"": 0.031000003218650818, ""preprocessing_plan"": 0.0872999953571707, ""reasoner_setup"": 118.74040000839159, ""reflexive"": 0.0, ""reporting_compile"": 0.0, ""result_projection"": 289.15360002429225, ""sameas"": 501.9357000128366, ""sameas_state_init"": 0.0, ""schema_cache"": 51.55129998456687, ""sufficient_rule_extraction"": 24.097499990602955, ""sufficient_rule_index"": 0.09700001101009548, ""target_roles"": 0.0}","{""http://benchmark/OWL2Bench#Chair"": {""avg_layer_width"": 1.3333333333333333, ""edges"": 3, ""layers"": 3, ""leaves"": 2, ""max_fan_in"": 2, ""max_fan_out"": 1, ""max_layer_width"": 2, ""nodes"": 4}, ""http://benchmark/OWL2Bench#Dean"": {""avg_layer_width"": 1.3333333333333333, ""edges"": 3, ""layers"": 3, ""leaves"": 2, ""max_fan_in"": 2, ""max_fan_out"": 1, ""max_layer_width"": 2, ""nodes"": 4}, ""http://benchmark/OWL2Bench#Director"": {""avg_layer_width"": 1.3333333333333333, ""edges"": 3, ""layers"": 3, ""leaves"": 2, ""max_fan_in"": 2, ""max_fan_out"": 1, ""max_layer_width"": 2, ""nodes"": 4}, ""http://benchmark/OWL2Bench#Employee"": {""avg_layer_width"": 7.125, ""edges"": 123, ""layers"": 8, ""leaves"": 7, ""max_fan_in"": 16, ""max_fan_out"": 19, ""max_layer_width"": 35, ""nodes"": 57}, ""http://benchmark/OWL2Bench#Faculty"": {""avg_layer_width"": 4.0, ""edges"": 39, ""layers"": 6, ""leaves"": 7, ""max_fan_in"": 9, ""max_fan_out"": 11, ""max_layer_width"": 12, ""nodes"": 24}, ""http://benchmark/OWL2Bench#PGStudent"": {""avg_layer_width"": 1.5, ""edges"": 5, ""layers"": 4, ""leaves"": 3, ""max_fan_in"": 2, ""max_fan_out"": 1, ""max_layer_width"": 3, ""nodes"": 6}, ""http://benchmark/OWL2Bench#PeopleWithHobby"": {""avg_layer_width"": 1.6666666666666667, ""edges"": 12, ""layers"": 6, ""leaves"": 3, ""max_fan_in"": 3, ""max_fan_out"": 3, ""max_layer_width"": 3, ""nodes"": 10}, ""http://benchmark/OWL2Bench#PhDStudent"": {""avg_layer_width"": 1.5, ""edges"": 5, ""layers"": 4, ""leaves"": 3, ""max_fan_in"": 2, ""max_fan_out"": 1, ""max_layer_width"": 3, ""nodes"": 6}, ""http://benchmark/OWL2Bench#SelfAwarePerson"": {""avg_layer_width"": 1.6666666666666667, ""edges"": 4, ""layers"": 3, ""leaves"": 3, ""max_fan_in"": 2, ""max_fan_out"": 1, ""max_layer_width"": 3, ""nodes"": 5}, ""http://benchmark/OWL2Bench#SportsFan"": {""avg_layer_width"": 1.5, ""edges"": 5, ""layers"": 4, ""leaves"": 3, ""max_fan_in"": 2, ""max_fan_out"": 1, ""max_layer_width"": 3, ""nodes"": 6}, ""http://benchmark/OWL2Bench#SportsLover"": {""avg_layer_width"": 1.6, ""edges"": 8, ""layers"": 5, ""leaves"": 3, ""max_fan_in"": 2, ""max_fan_out"": 2, ""max_layer_width"": 3, ""nodes"": 8}, ""http://benchmark/OWL2Bench#Student"": {""avg_layer_width"": 3.6, ""edges"": 22, ""layers"": 5, ""leaves"": 8, ""max_fan_in"": 10, ""max_fan_out"": 5, ""max_layer_width"": 8, ""nodes"": 18}, ""http://benchmark/OWL2Bench#T20CricketFan"": {""avg_layer_width"": 1.3333333333333333, ""edges"": 3, ""layers"": 3, ""leaves"": 2, ""max_fan_in"": 2, ""max_fan_out"": 1, ""max_layer_width"": 2, ""nodes"": 4}, ""http://benchmark/OWL2Bench#TeachingAssistant"": {""avg_layer_width"": 2.0, ""edges"": 7, ""layers"": 4, ""leaves"": 4, ""max_fan_in"": 3, ""max_fan_out"": 1, ""max_layer_width"": 4, ""nodes"": 8}, ""http://benchmark/OWL2Bench#UGStudent"": {""avg_layer_width"": 1.5, ""edges"": 5, ""layers"": 4, ""leaves"": 3, ""max_fan_in"": 2, ""max_fan_out"": 1, ""max_layer_width"": 3, ""nodes"": 6}}"
20260506-124917-4f6e6c403e,17,OWL2EL-1,17,143,93,4091,54811,engine,gpu-el-full,cuda,admissibility,3,300.0,OK,,3,1340.0752333400305,4227.562126148802,0.0,8490.66510000072,7569.0,1340.0752333400305,1125.0664333153206,402.7606999928442,2777.4379928190415,0.0,77.70299997840387,2.0,1445101568.0,17453805.0,,44987904.0,56623104.0,0.0,0.0,0.0,0.0,"{""assertion_update"": 9.079899988137186, ""assignment_status"": 0.0, ""atomic_domain_range"": 0.0, ""conflict_policy"": 0.0, ""dag_compile"": 42.41839997121133, ""dag_eval"": 2728.397032107692, ""data_copy"": 0.0, ""dataset_build"": 2105.660100001842, ""dependency_closure"": 0.5783999804407358, ""hierarchy"": 0.0, ""horn_safe_domain_range"": 0.0, ""kgraph_adjacency"": 41.47950001060963, ""kgraph_build"": 893.2405000086874, ""kgraph_edge_buckets"": 0.7182999979704618, ""kgraph_literal_features"": 169.91709999274462, ""kgraph_negative_helpers"": 0.19299998530186713, ""mapping_graph_scan"": 322.934299998451, ""mapping_index"": 14.55680001527071, ""mapping_sort"": 65.87749999016523, ""mapping_vocab_collect"": 0.00990001717582345, ""negative_blocker"": 0.0, ""ontology_merge"": 0.04650000482797623, ""preprocessing_plan"": 0.18130001262761652, ""reasoner_setup"": 143.4189000283368, ""reflexive"": 0.0, ""reporting_compile"": 0.0, ""result_projection"": 0.0, ""sameas"": 845.6047999789007, ""sameas_state_init"": 0.0, ""schema_cache"": 392.18489997438155, ""sufficient_rule_extraction"": 22.30569999665022, ""sufficient_rule_index"": 0.12469998910091817, ""target_roles"": 0.0}",
20260506-124917-4f6e6c403e,18,OWL2EL-1,17,143,93,4091,54811,engine,gpu-el-full,cuda,filtered_admissibility,3,300.0,OK,,3,1521.5189666487277,5296.987420428622,0.0,17680.473033338785,7569.0,1521.5189666487277,1347.7117333580584,346.2238000356592,3765.4799204178466,0.0,162.4280333829423,1.0,1445101568.0,17453805.0,106460.0,44987904.0,56623104.0,15.0,170.0,247.0,8.0,"{""assertion_update"": 12.685999943641946, ""assignment_status"": 0.0, ""atomic_domain_range"": 0.0, ""conflict_policy"": 0.0, ""dag_compile"": 78.5347000346519, ""dag_eval"": 3475.6447232780047, ""data_copy"": 0.0, ""dataset_build"": 2884.8814000957645, ""dependency_closure"": 0.5231999966781586, ""hierarchy"": 0.0, ""horn_safe_domain_range"": 0.0, ""kgraph_adjacency"": 67.3776000039652, ""kgraph_build"": 1427.5431999994908, ""kgraph_edge_buckets"": 0.759299990022555, ""kgraph_literal_features"": 262.03179999720305, ""kgraph_negative_helpers"": 0.41119998786598444, ""mapping_graph_scan"": 482.17730000033043, ""mapping_index"": 20.44179997756146, ""mapping_sort"": 94.36240000650287, ""mapping_vocab_collect"": 0.015200028428807855, ""negative_blocker"": 0.0, ""ontology_merge"": 0.09039998985826969, ""preprocessing_plan"": 0.24820002727210522, ""reasoner_setup"": 101.524600002449, ""reflexive"": 0.0, ""reporting_compile"": 0.0, ""result_projection"": 0.0, ""sameas"": 1352.6813000498805, ""sameas_state_init"": 0.0, ""schema_cache"": 116.55470001278445, ""sufficient_rule_extraction"": 22.6686000241898, ""sufficient_rule_index"": 0.08060000254772604, ""target_roles"": 0.0}","{""http://benchmark/OWL2Bench#Chair"": {""avg_layer_width"": 1.3333333333333333, ""edges"": 3, ""layers"": 3, ""leaves"": 2, ""max_fan_in"": 2, ""max_fan_out"": 1, ""max_layer_width"": 2, ""nodes"": 4}, ""http://benchmark/OWL2Bench#Dean"": {""avg_layer_width"": 1.3333333333333333, ""edges"": 3, ""layers"": 3, ""leaves"": 2, ""max_fan_in"": 2, ""max_fan_out"": 1, ""max_layer_width"": 2, ""nodes"": 4}, ""http://benchmark/OWL2Bench#Director"": {""avg_layer_width"": 1.3333333333333333, ""edges"": 3, ""layers"": 3, ""leaves"": 2, ""max_fan_in"": 2, ""max_fan_out"": 1, ""max_layer_width"": 2, ""nodes"": 4}, ""http://benchmark/OWL2Bench#Employee"": {""avg_layer_width"": 7.125, ""edges"": 123, ""layers"": 8, ""leaves"": 7, ""max_fan_in"": 16, ""max_fan_out"": 19, ""max_layer_width"": 35, ""nodes"": 57}, ""http://benchmark/OWL2Bench#Faculty"": {""avg_layer_width"": 4.0, ""edges"": 39, ""layers"": 6, ""leaves"": 7, ""max_fan_in"": 9, ""max_fan_out"": 11, ""max_layer_width"": 12, ""nodes"": 24}, ""http://benchmark/OWL2Bench#PGStudent"": {""avg_layer_width"": 1.5, ""edges"": 5, ""layers"": 4, ""leaves"": 3, ""max_fan_in"": 2, ""max_fan_out"": 1, ""max_layer_width"": 3, ""nodes"": 6}, ""http://benchmark/OWL2Bench#PeopleWithHobby"": {""avg_layer_width"": 1.6666666666666667, ""edges"": 12, ""layers"": 6, ""leaves"": 3, ""max_fan_in"": 3, ""max_fan_out"": 3, ""max_layer_width"": 3, ""nodes"": 10}, ""http://benchmark/OWL2Bench#PhDStudent"": {""avg_layer_width"": 1.5, ""edges"": 5, ""layers"": 4, ""leaves"": 3, ""max_fan_in"": 2, ""max_fan_out"": 1, ""max_layer_width"": 3, ""nodes"": 6}, ""http://benchmark/OWL2Bench#SelfAwarePerson"": {""avg_layer_width"": 1.6666666666666667, ""edges"": 4, ""layers"": 3, ""leaves"": 3, ""max_fan_in"": 2, ""max_fan_out"": 1, ""max_layer_width"": 3, ""nodes"": 5}, ""http://benchmark/OWL2Bench#SportsFan"": {""avg_layer_width"": 1.5, ""edges"": 5, ""layers"": 4, ""leaves"": 3, ""max_fan_in"": 2, ""max_fan_out"": 1, ""max_layer_width"": 3, ""nodes"": 6}, ""http://benchmark/OWL2Bench#SportsLover"": {""avg_layer_width"": 1.6, ""edges"": 8, ""layers"": 5, ""leaves"": 3, ""max_fan_in"": 2, ""max_fan_out"": 2, ""max_layer_width"": 3, ""nodes"": 8}, ""http://benchmark/OWL2Bench#Student"": {""avg_layer_width"": 3.6, ""edges"": 22, ""layers"": 5, ""leaves"": 8, ""max_fan_in"": 10, ""max_fan_out"": 5, ""max_layer_width"": 8, ""nodes"": 18}, ""http://benchmark/OWL2Bench#T20CricketFan"": {""avg_layer_width"": 1.3333333333333333, ""edges"": 3, ""layers"": 3, ""leaves"": 2, ""max_fan_in"": 2, ""max_fan_out"": 1, ""max_layer_width"": 2, ""nodes"": 4}, ""http://benchmark/OWL2Bench#TeachingAssistant"": {""avg_layer_width"": 2.0, ""edges"": 7, ""layers"": 4, ""leaves"": 4, ""max_fan_in"": 3, ""max_fan_out"": 1, ""max_layer_width"": 4, ""nodes"": 8}, ""http://benchmark/OWL2Bench#UGStudent"": {""avg_layer_width"": 1.5, ""edges"": 5, ""layers"": 4, ""leaves"": 3, ""max_fan_in"": 2, ""max_fan_out"": 1, ""max_layer_width"": 3, ""nodes"": 6}}"
20260506-124917-4f6e6c403e,19,OWL2EL-1,17,143,93,4091,54811,reasoner,elk,cpu,,3,300.0,OK,,3,5123.666666666667,2598.0,282.3333333333333,8004.0,8392.0,,,,,,,,,,,,,,,,,,
20260506-124917-4f6e6c403e,20,OWL2EL-1,17,143,93,4091,54811,reasoner,openllet,cpu,,3,300.0,OK,,3,6181.0,4860.0,450.6666666666667,11491.666666666666,9610.0,,,,,,,,,,,,,,,,,,
20260506-124917-4f6e6c403e,21,OWL2EL-10,17,143,93,50694,762312,engine,gpu-el-lite,cpu,stratified,3,300.0,OK,,3,1418.719299962201,2253.1814667163417,3207.0082999901692,9712.300400007129,120549.0,1418.719299962201,0.0,234.40106668082686,2150.5678667066,3207.0082999901692,131.78746667108499,2.0,2457548117.3333335,54701052.0,106460.0,,,15.0,170.0,247.0,8.0,"{""assertion_update"": 132.13449995964766, ""assignment_status"": 3623.752899991814, ""atomic_domain_range"": 0.0, ""conflict_policy"": 358.2592000020668, ""dag_compile"": 23.069299990311265, ""dag_eval"": 1914.9559000506997, ""data_copy"": 0.0, ""dataset_build"": 1495.7150999689475, ""dependency_closure"": 0.5338000191841274, ""hierarchy"": 0.0, ""horn_safe_domain_range"": 0.0, ""kgraph_adjacency"": 158.77179999370128, ""kgraph_build"": 1408.3618999866303, ""kgraph_edge_buckets"": 1.441399974282831, ""kgraph_literal_features"": 18.674899998586625, ""kgraph_negative_helpers"": 0.007700000423938036, ""mapping_graph_scan"": 2753.0367000144906, ""mapping_index"": 10.79950001440011, ""mapping_sort"": 169.08510000212118, ""mapping_vocab_collect"": 0.005600013537332416, ""negative_blocker"": 0.002500019036233425, ""ontology_merge"": 0.03259998629800975, ""preprocessing_plan"": 0.10609999299049377, ""reasoner_setup"": 75.72610001079738, ""reflexive"": 0.0, ""reporting_compile"": 0.0, ""result_projection"": 319.1482999827713, ""sameas"": 0.0, ""sameas_state_init"": 0.0, ""schema_cache"": 85.29250000719912, ""sufficient_rule_extraction"": 62.51060002250597, ""sufficient_rule_index"": 0.09790001786313951, ""target_roles"": 0.0}","{""http://benchmark/OWL2Bench#Chair"": {""avg_layer_width"": 1.3333333333333333, ""edges"": 3, ""layers"": 3, ""leaves"": 2, ""max_fan_in"": 2, ""max_fan_out"": 1, ""max_layer_width"": 2, ""nodes"": 4}, ""http://benchmark/OWL2Bench#Dean"": {""avg_layer_width"": 1.3333333333333333, ""edges"": 3, ""layers"": 3, ""leaves"": 2, ""max_fan_in"": 2, ""max_fan_out"": 1, ""max_layer_width"": 2, ""nodes"": 4}, ""http://benchmark/OWL2Bench#Director"": {""avg_layer_width"": 1.3333333333333333, ""edges"": 3, ""layers"": 3, ""leaves"": 2, ""max_fan_in"": 2, ""max_fan_out"": 1, ""max_layer_width"": 2, ""nodes"": 4}, ""http://benchmark/OWL2Bench#Employee"": {""avg_layer_width"": 7.125, ""edges"": 123, ""layers"": 8, ""leaves"": 7, ""max_fan_in"": 16, ""max_fan_out"": 19, ""max_layer_width"": 35, ""nodes"": 57}, ""http://benchmark/OWL2Bench#Faculty"": {""avg_layer_width"": 4.0, ""edges"": 39, ""layers"": 6, ""leaves"": 7, ""max_fan_in"": 9, ""max_fan_out"": 11, ""max_layer_width"": 12, ""nodes"": 24}, ""http://benchmark/OWL2Bench#PGStudent"": {""avg_layer_width"": 1.5, ""edges"": 5, ""layers"": 4, ""leaves"": 3, ""max_fan_in"": 2, ""max_fan_out"": 1, ""max_layer_width"": 3, ""nodes"": 6}, ""http://benchmark/OWL2Bench#PeopleWithHobby"": {""avg_layer_width"": 1.6666666666666667, ""edges"": 12, ""layers"": 6, ""leaves"": 3, ""max_fan_in"": 3, ""max_fan_out"": 3, ""max_layer_width"": 3, ""nodes"": 10}, ""http://benchmark/OWL2Bench#PhDStudent"": {""avg_layer_width"": 1.5, ""edges"": 5, ""layers"": 4, ""leaves"": 3, ""max_fan_in"": 2, ""max_fan_out"": 1, ""max_layer_width"": 3, ""nodes"": 6}, ""http://benchmark/OWL2Bench#SelfAwarePerson"": {""avg_layer_width"": 1.6666666666666667, ""edges"": 4, ""layers"": 3, ""leaves"": 3, ""max_fan_in"": 2, ""max_fan_out"": 1, ""max_layer_width"": 3, ""nodes"": 5}, ""http://benchmark/OWL2Bench#SportsFan"": {""avg_layer_width"": 1.5, ""edges"": 5, ""layers"": 4, ""leaves"": 3, ""max_fan_in"": 2, ""max_fan_out"": 1, ""max_layer_width"": 3, ""nodes"": 6}, ""http://benchmark/OWL2Bench#SportsLover"": {""avg_layer_width"": 1.6, ""edges"": 8, ""layers"": 5, ""leaves"": 3, ""max_fan_in"": 2, ""max_fan_out"": 2, ""max_layer_width"": 3, ""nodes"": 8}, ""http://benchmark/OWL2Bench#Student"": {""avg_layer_width"": 3.6, ""edges"": 22, ""layers"": 5, ""leaves"": 8, ""max_fan_in"": 10, ""max_fan_out"": 5, ""max_layer_width"": 8, ""nodes"": 18}, ""http://benchmark/OWL2Bench#T20CricketFan"": {""avg_layer_width"": 1.3333333333333333, ""edges"": 3, ""layers"": 3, ""leaves"": 2, ""max_fan_in"": 2, ""max_fan_out"": 1, ""max_layer_width"": 2, ""nodes"": 4}, ""http://benchmark/OWL2Bench#TeachingAssistant"": {""avg_layer_width"": 2.0, ""edges"": 7, ""layers"": 4, ""leaves"": 4, ""max_fan_in"": 3, ""max_fan_out"": 1, ""max_layer_width"": 4, ""nodes"": 8}, ""http://benchmark/OWL2Bench#UGStudent"": {""avg_layer_width"": 1.5, ""edges"": 5, ""layers"": 4, ""leaves"": 3, ""max_fan_in"": 2, ""max_fan_out"": 1, ""max_layer_width"": 3, ""nodes"": 6}}"
20260506-124917-4f6e6c403e,22,OWL2EL-10,17,143,93,50694,762312,engine,gpu-el-lite,cpu,admissibility,3,300.0,OK,,3,2799.6244666865095,2568.3357333570407,0.0,36250.897999998415,108578.0,2799.6244666865095,0.0,348.3614000142552,2366.6462666975954,0.0,146.67193335480988,2.0,3538785621.3333335,54903809.0,,,,0.0,0.0,0.0,0.0,"{""assertion_update"": 104.83740002382547, ""assignment_status"": 0.0, ""atomic_domain_range"": 0.0, ""conflict_policy"": 0.0, ""dag_compile"": 115.28639998869039, ""dag_eval"": 2206.5511000109836, ""data_copy"": 0.0, ""dataset_build"": 2810.567999986233, ""dependency_closure"": 0.7287999906111509, ""hierarchy"": 0.0, ""horn_safe_domain_range"": 0.0, ""kgraph_adjacency"": 255.29579998692498, ""kgraph_build"": 2648.0326999735553, ""kgraph_edge_buckets"": 4.119899997022003, ""kgraph_literal_features"": 32.26179999182932, ""kgraph_negative_helpers"": 3.485199995338917, ""mapping_graph_scan"": 4672.475900006248, ""mapping_index"": 33.754700009012595, ""mapping_sort"": 196.14540002658032, ""mapping_vocab_collect"": 0.010000017937272787, ""negative_blocker"": 0.0, ""ontology_merge"": 0.04889999399892986, ""preprocessing_plan"": 0.16729999333620071, ""reasoner_setup"": 67.32609999016859, ""reflexive"": 0.0, ""reporting_compile"": 0.0, ""result_projection"": 0.0, ""sameas"": 0.0, ""sameas_state_init"": 0.0, ""schema_cache"": 116.90180000732653, ""sufficient_rule_extraction"": 75.94670000253245, ""sufficient_rule_index"": 0.10989999282173812, ""target_roles"": 0.0}",
20260506-124917-4f6e6c403e,23,OWL2EL-10,17,143,93,50694,762312,engine,gpu-el-lite,cpu,filtered_admissibility,3,300.0,OK,,3,4480.128133359055,2985.145100101363,0.0,104846.36200000143,108578.0,4480.128133359055,0.0,532.4466999639602,2751.140266773291,0.0,298.4418666358882,1.0,5690159104.0,54903809.0,106460.0,,,15.0,170.0,247.0,8.0,"{""assertion_update"": 100.93380001490004, ""assignment_status"": 0.0, ""atomic_domain_range"": 0.0, ""conflict_policy"": 0.0, ""dag_compile"": 176.48979995283298, ""dag_eval"": 2726.2782000470906, ""data_copy"": 0.0, ""dataset_build"": 4688.98830001126, ""dependency_closure"": 1.284400001168251, ""hierarchy"": 0.0, ""horn_safe_domain_range"": 0.0, ""kgraph_adjacency"": 463.5027999756858, ""kgraph_build"": 4368.643900001189, ""kgraph_edge_buckets"": 7.078499998897314, ""kgraph_literal_features"": 56.92899998393841, ""kgraph_negative_helpers"": 6.582300033187494, ""mapping_graph_scan"": 8230.839399970137, ""mapping_index"": 41.77869998966344, ""mapping_sort"": 491.6312999848742, ""mapping_vocab_collect"": 0.026900001103058457, ""negative_blocker"": 0.0, ""ontology_merge"": 0.32010002178139985, ""preprocessing_plan"": 0.6738999800290912, ""reasoner_setup"": 63.115600001765415, ""reflexive"": 0.0, ""reporting_compile"": 0.0, ""result_projection"": 0.0, ""sameas"": 0.0, ""sameas_state_init"": 0.0, ""schema_cache"": 275.5880000477191, ""sufficient_rule_extraction"": 116.51599998003803, ""sufficient_rule_index"": 0.20700000459328294, ""target_roles"": 0.0}","{""http://benchmark/OWL2Bench#Chair"": {""avg_layer_width"": 1.3333333333333333, ""edges"": 3, ""layers"": 3, ""leaves"": 2, ""max_fan_in"": 2, ""max_fan_out"": 1, ""max_layer_width"": 2, ""nodes"": 4}, ""http://benchmark/OWL2Bench#Dean"": {""avg_layer_width"": 1.3333333333333333, ""edges"": 3, ""layers"": 3, ""leaves"": 2, ""max_fan_in"": 2, ""max_fan_out"": 1, ""max_layer_width"": 2, ""nodes"": 4}, ""http://benchmark/OWL2Bench#Director"": {""avg_layer_width"": 1.3333333333333333, ""edges"": 3, ""layers"": 3, ""leaves"": 2, ""max_fan_in"": 2, ""max_fan_out"": 1, ""max_layer_width"": 2, ""nodes"": 4}, ""http://benchmark/OWL2Bench#Employee"": {""avg_layer_width"": 7.125, ""edges"": 123, ""layers"": 8, ""leaves"": 7, ""max_fan_in"": 16, ""max_fan_out"": 19, ""max_layer_width"": 35, ""nodes"": 57}, ""http://benchmark/OWL2Bench#Faculty"": {""avg_layer_width"": 4.0, ""edges"": 39, ""layers"": 6, ""leaves"": 7, ""max_fan_in"": 9, ""max_fan_out"": 11, ""max_layer_width"": 12, ""nodes"": 24}, ""http://benchmark/OWL2Bench#PGStudent"": {""avg_layer_width"": 1.5, ""edges"": 5, ""layers"": 4, ""leaves"": 3, ""max_fan_in"": 2, ""max_fan_out"": 1, ""max_layer_width"": 3, ""nodes"": 6}, ""http://benchmark/OWL2Bench#PeopleWithHobby"": {""avg_layer_width"": 1.6666666666666667, ""edges"": 12, ""layers"": 6, ""leaves"": 3, ""max_fan_in"": 3, ""max_fan_out"": 3, ""max_layer_width"": 3, ""nodes"": 10}, ""http://benchmark/OWL2Bench#PhDStudent"": {""avg_layer_width"": 1.5, ""edges"": 5, ""layers"": 4, ""leaves"": 3, ""max_fan_in"": 2, ""max_fan_out"": 1, ""max_layer_width"": 3, ""nodes"": 6}, ""http://benchmark/OWL2Bench#SelfAwarePerson"": {""avg_layer_width"": 1.6666666666666667, ""edges"": 4, ""layers"": 3, ""leaves"": 3, ""max_fan_in"": 2, ""max_fan_out"": 1, ""max_layer_width"": 3, ""nodes"": 5}, ""http://benchmark/OWL2Bench#SportsFan"": {""avg_layer_width"": 1.5, ""edges"": 5, ""layers"": 4, ""leaves"": 3, ""max_fan_in"": 2, ""max_fan_out"": 1, ""max_layer_width"": 3, ""nodes"": 6}, ""http://benchmark/OWL2Bench#SportsLover"": {""avg_layer_width"": 1.6, ""edges"": 8, ""layers"": 5, ""leaves"": 3, ""max_fan_in"": 2, ""max_fan_out"": 2, ""max_layer_width"": 3, ""nodes"": 8}, ""http://benchmark/OWL2Bench#Student"": {""avg_layer_width"": 3.6, ""edges"": 22, ""layers"": 5, ""leaves"": 8, ""max_fan_in"": 10, ""max_fan_out"": 5, ""max_layer_width"": 8, ""nodes"": 18}, ""http://benchmark/OWL2Bench#T20CricketFan"": {""avg_layer_width"": 1.3333333333333333, ""edges"": 3, ""layers"": 3, ""leaves"": 2, ""max_fan_in"": 2, ""max_fan_out"": 1, ""max_layer_width"": 2, ""nodes"": 4}, ""http://benchmark/OWL2Bench#TeachingAssistant"": {""avg_layer_width"": 2.0, ""edges"": 7, ""layers"": 4, ""leaves"": 4, ""max_fan_in"": 3, ""max_fan_out"": 1, ""max_layer_width"": 4, ""nodes"": 8}, ""http://benchmark/OWL2Bench#UGStudent"": {""avg_layer_width"": 1.5, ""edges"": 5, ""layers"": 4, ""leaves"": 3, ""max_fan_in"": 2, ""max_fan_out"": 1, ""max_layer_width"": 3, ""nodes"": 6}}"
20260506-124917-4f6e6c403e,24,OWL2EL-10,17,143,93,50694,762312,engine,gpu-el-lite,cuda,stratified,3,300.0,OK,,3,1312.1275999971356,1878.3641985162005,1419.1246666693285,7017.180133349029,120549.0,1312.1275999971356,0.0,346.4665333352362,1658.9354985093232,1419.1246666693285,127.03783332835883,2.0,5840105472.0,54701052.0,106460.0,132081152.0,178257920.0,15.0,170.0,247.0,8.0,"{""assertion_update"": 75.24010006454773, ""assignment_status"": 805.4661999922246, ""atomic_domain_range"": 0.0, ""conflict_policy"": 296.1234000104014, ""dag_compile"": 8.985000022221357, ""dag_eval"": 1399.2082023620605, ""data_copy"": 0.0, ""dataset_build"": 1265.887899993686, ""dependency_closure"": 0.5065000150352716, ""hierarchy"": 0.0, ""horn_safe_domain_range"": 0.0, ""kgraph_adjacency"": 108.3904999832157, ""kgraph_build"": 1206.128899997566, ""kgraph_edge_buckets"": 1.218899997184053, ""kgraph_literal_features"": 16.30670001031831, ""kgraph_negative_helpers"": 0.0028999929782003164, ""mapping_graph_scan"": 2181.1221000098158, ""mapping_index"": 13.665700011188164, ""mapping_sort"": 160.52430000854656, ""mapping_vocab_collect"": 0.0053000112529844046, ""negative_blocker"": 0.0016999838408082724, ""ontology_merge"": 0.03709999145939946, ""preprocessing_plan"": 0.09130002581514418, ""reasoner_setup"": 199.29239997873083, ""reflexive"": 0.0, ""reporting_compile"": 0.0, ""result_projection"": 317.6526000024751, ""sameas"": 0.0, ""sameas_state_init"": 0.0, ""schema_cache"": 76.22999997693114, ""sufficient_rule_extraction"": 45.88099999818951, ""sufficient_rule_index"": 0.08279999019578099, ""target_roles"": 0.0}","{""http://benchmark/OWL2Bench#Chair"": {""avg_layer_width"": 1.3333333333333333, ""edges"": 3, ""layers"": 3, ""leaves"": 2, ""max_fan_in"": 2, ""max_fan_out"": 1, ""max_layer_width"": 2, ""nodes"": 4}, ""http://benchmark/OWL2Bench#Dean"": {""avg_layer_width"": 1.3333333333333333, ""edges"": 3, ""layers"": 3, ""leaves"": 2, ""max_fan_in"": 2, ""max_fan_out"": 1, ""max_layer_width"": 2, ""nodes"": 4}, ""http://benchmark/OWL2Bench#Director"": {""avg_layer_width"": 1.3333333333333333, ""edges"": 3, ""layers"": 3, ""leaves"": 2, ""max_fan_in"": 2, ""max_fan_out"": 1, ""max_layer_width"": 2, ""nodes"": 4}, ""http://benchmark/OWL2Bench#Employee"": {""avg_layer_width"": 7.125, ""edges"": 123, ""layers"": 8, ""leaves"": 7, ""max_fan_in"": 16, ""max_fan_out"": 19, ""max_layer_width"": 35, ""nodes"": 57}, ""http://benchmark/OWL2Bench#Faculty"": {""avg_layer_width"": 4.0, ""edges"": 39, ""layers"": 6, ""leaves"": 7, ""max_fan_in"": 9, ""max_fan_out"": 11, ""max_layer_width"": 12, ""nodes"": 24}, ""http://benchmark/OWL2Bench#PGStudent"": {""avg_layer_width"": 1.5, ""edges"": 5, ""layers"": 4, ""leaves"": 3, ""max_fan_in"": 2, ""max_fan_out"": 1, ""max_layer_width"": 3, ""nodes"": 6}, ""http://benchmark/OWL2Bench#PeopleWithHobby"": {""avg_layer_width"": 1.6666666666666667, ""edges"": 12, ""layers"": 6, ""leaves"": 3, ""max_fan_in"": 3, ""max_fan_out"": 3, ""max_layer_width"": 3, ""nodes"": 10}, ""http://benchmark/OWL2Bench#PhDStudent"": {""avg_layer_width"": 1.5, ""edges"": 5, ""layers"": 4, ""leaves"": 3, ""max_fan_in"": 2, ""max_fan_out"": 1, ""max_layer_width"": 3, ""nodes"": 6}, ""http://benchmark/OWL2Bench#SelfAwarePerson"": {""avg_layer_width"": 1.6666666666666667, ""edges"": 4, ""layers"": 3, ""leaves"": 3, ""max_fan_in"": 2, ""max_fan_out"": 1, ""max_layer_width"": 3, ""nodes"": 5}, ""http://benchmark/OWL2Bench#SportsFan"": {""avg_layer_width"": 1.5, ""edges"": 5, ""layers"": 4, ""leaves"": 3, ""max_fan_in"": 2, ""max_fan_out"": 1, ""max_layer_width"": 3, ""nodes"": 6}, ""http://benchmark/OWL2Bench#SportsLover"": {""avg_layer_width"": 1.6, ""edges"": 8, ""layers"": 5, ""leaves"": 3, ""max_fan_in"": 2, ""max_fan_out"": 2, ""max_layer_width"": 3, ""nodes"": 8}, ""http://benchmark/OWL2Bench#Student"": {""avg_layer_width"": 3.6, ""edges"": 22, ""layers"": 5, ""leaves"": 8, ""max_fan_in"": 10, ""max_fan_out"": 5, ""max_layer_width"": 8, ""nodes"": 18}, ""http://benchmark/OWL2Bench#T20CricketFan"": {""avg_layer_width"": 1.3333333333333333, ""edges"": 3, ""layers"": 3, ""leaves"": 2, ""max_fan_in"": 2, ""max_fan_out"": 1, ""max_layer_width"": 2, ""nodes"": 4}, ""http://benchmark/OWL2Bench#TeachingAssistant"": {""avg_layer_width"": 2.0, ""edges"": 7, ""layers"": 4, ""leaves"": 4, ""max_fan_in"": 3, ""max_fan_out"": 1, ""max_layer_width"": 4, ""nodes"": 8}, ""http://benchmark/OWL2Bench#UGStudent"": {""avg_layer_width"": 1.5, ""edges"": 5, ""layers"": 4, ""leaves"": 3, ""max_fan_in"": 2, ""max_fan_out"": 1, ""max_layer_width"": 3, ""nodes"": 6}}"
20260506-124917-4f6e6c403e,25,OWL2EL-10,17,143,93,50694,762312,engine,gpu-el-lite,cuda,admissibility,3,300.0,OK,,3,2835.851499985438,3165.934259920148,0.0,42504.27496668029,108578.0,2835.851499985438,0.0,410.8738666594339,2882.7023932577576,0.0,127.64199999704336,2.0,5840105472.0,54903809.0,,132081152.0,178257920.0,0.0,0.0,0.0,0.0,"{""assertion_update"": 116.0669999953825, ""assignment_status"": 0.0, ""atomic_domain_range"": 0.0, ""conflict_policy"": 0.0, ""dag_compile"": 49.838800012366846, ""dag_eval"": 2875.3247260644566, ""data_copy"": 0.0, ""dataset_build"": 2773.357899975963, ""dependency_closure"": 0.4504999960772693, ""hierarchy"": 0.0, ""horn_safe_domain_range"": 0.0, ""kgraph_adjacency"": 339.0216999978293, ""kgraph_build"": 2617.3352999903727, ""kgraph_edge_buckets"": 4.347499983850867, ""kgraph_literal_features"": 35.722300002817065, ""kgraph_negative_helpers"": 3.2371999986935407, ""mapping_graph_scan"": 4379.770199971972, ""mapping_index"": 18.78250000299886, ""mapping_sort"": 252.44110001949593, ""mapping_vocab_collect"": 0.009800016414374113, ""negative_blocker"": 0.0, ""ontology_merge"": 0.04439998883754015, ""preprocessing_plan"": 0.15479998546652496, ""reasoner_setup"": 198.62670000293292, ""reflexive"": 0.0, ""reporting_compile"": 0.0, ""result_projection"": 0.0, ""sameas"": 0.0, ""sameas_state_init"": 0.0, ""schema_cache"": 112.16679998324253, ""sufficient_rule_extraction"": 57.40330001572147, ""sufficient_rule_index"": 0.08089997572824359, ""target_roles"": 0.0}",
20260506-154931-2241ae2d46,1,OWL2EL-1,17,143,93,4091,54811,engine,gpu-el-lite,cpu,stratified,3,300.0,OK,,3,250.1099999935832,297.5323999999091,228.90223333767304,874.0578666717435,8429.0,250.1099999935832,0.0,166.94939997008382,227.6504333713092,228.90223333767304,97.06743334148389,2.0,499888128.0,4392744.0,106460.0,,,15.0,170.0,247.0,8.0,218.03980000549927
20260506-154931-2241ae2d46,2,OWL2EL-1,17,143,93,4091,54811,engine,gpu-el-lite,cpu,filtered_admissibility,3,300.0,OK,,3,365.0760999783718,1015.446266673583,163.72760001104325,1758.5908999996416,7569.0,365.0760999783718,0.0,880.0049000128638,345.92086665603955,163.72760001104325,210.47949999532042,1.0,517835434.6666667,4392744.0,106460.0,,,15.0,170.0,247.0,8.0,276.324200007366
20260506-154931-2241ae2d46,3,OWL2EL-1,17,143,93,4091,54811,engine,gpu-el-lite,cuda,stratified,3,300.0,OK,,3,198.14216666660892,1504.6735666595243,163.49350001352528,1959.3415000126697,8429.0,198.14216666660892,0.0,363.5020172534666,1233.659716068767,163.49350001352528,92.48816666270916,2.0,977963690.6666666,4392744.0,106460.0,18408448.0,27262976.0,15.0,170.0,247.0,8.0,1224.601282755534
20260506-154931-2241ae2d46,4,OWL2EL-1,17,143,93,4091,54811,engine,gpu-el-lite,cuda,filtered_admissibility,3,300.0,OK,,3,325.9878333386344,4372.508566661661,184.77850000878485,5086.085199989611,7569.0,325.9878333386344,0.0,971.8226680601947,3600.1509652713626,184.77850000878485,199.46506666989686,1.0,994506069.3333334,4392744.0,106460.0,18408448.0,27262976.0,15.0,170.0,247.0,8.0,3112.027869282911
20260506-154931-2241ae2d46,5,OWL2EL-1,17,143,93,4091,54811,engine,gpu-el,cpu,stratified,3,300.0,OK,,3,286.98563334182836,234.42019997552657,162.93846666424847,768.2050333338944,8429.0,286.98563334182836,0.0,130.34703326411545,185.45310004265048,162.93846666424847,81.37993333123934,2.0,1006516906.6666666,4390416.0,106460.0,,,15.0,170.0,247.0,8.0,174.1071000287775
20260506-154931-2241ae2d46,6,OWL2EL-1,17,143,93,4091,54811,engine,gpu-el,cpu,filtered_admissibility,3,300.0,OK,,3,462.9764333367348,760.6454999865188,159.5109333381212,1576.7733333438325,7569.0,462.9764333367348,0.0,615.5728664986478,332.77383347740397,159.5109333381212,187.70119998953305,1.0,1008979968.0,4390416.0,106460.0,,,15.0,170.0,247.0,8.0,272.8290667485756
20260506-154931-2241ae2d46,7,OWL2EL-1,17,143,93,4091,54811,engine,gpu-el,cuda,stratified,3,300.0,OK,,3,259.69096666085534,1478.4262000272672,98.95380000428607,1945.7315333323397,8429.0,259.69096666085534,0.0,231.3459606602943,1353.188172687621,98.95380000428607,106.10793332064834,2.0,1010978816.0,4390416.0,106460.0,18404352.0,27262976.0,15.0,170.0,247.0,8.0,1301.6858393351238
20260506-154931-2241ae2d46,8,OWL2EL-1,17,143,93,4091,54811,engine,gpu-el,cuda,filtered_admissibility,3,300.0,OK,,3,376.9204000127502,4056.03823333513,165.7888333526595,4794.272666661224,7569.0,376.9204000127502,0.0,925.9580550493362,3319.513244954947,165.7888333526595,189.43306666915305,1.0,1010978816.0,4390416.0,106460.0,18404352.0,27262976.0,15.0,170.0,247.0,8.0,2860.1866905790134
20260506-154931-2241ae2d46,9,OWL2EL-1,17,143,93,4091,54811,reasoner,elk,cpu,,3,300.0,OK,,3,3853.0,2106.3333333333335,197.33333333333334,6156.666666666667,8392.0,,,,,,,,,,,,,,,,,
20260506-154931-2241ae2d46,10,OWL2EL-1,17,143,93,4091,54811,reasoner,openllet,cpu,,3,300.0,OK,,3,5135.0,6068.666666666667,339.6666666666667,11543.333333333334,9610.0,,,,,,,,,,,,,,,,,
20260506-154931-2241ae2d46,11,OWL2EL-10,17,143,93,50694,762312,engine,gpu-el-lite,cpu,stratified,3,300.0,OK,,3,3144.0684000068964,2293.7630666807913,1891.3226333388593,7437.069700002515,120549.0,3144.0684000068964,0.0,242.46326665161178,2158.8449666936262,1891.3226333388593,107.5451666644464,2.0,2348563114.6666665,54701052.0,106460.0,,,15.0,170.0,247.0,8.0,1473.1384333669364
20260506-154931-2241ae2d46,12,OWL2EL-10,17,143,93,50694,762312,engine,gpu-el-lite,cpu,filtered_admissibility,3,300.0,OK,,3,4198.60809998742,4907.294433369922,2462.8340666434574,11813.227833335986,108578.0,4198.60809998742,0.0,2538.4842666971963,2552.1650333345556,2462.8340666434574,183.35486666182987,1.0,2587250688.0,54701052.0,106460.0,,,15.0,170.0,247.0,8.0,1962.8139666844315
20260506-154931-2241ae2d46,13,OWL2EL-10,17,143,93,50694,762312,engine,gpu-el-lite,cuda,stratified,3,300.0,OK,,3,2971.7356666612127,2160.453300011189,1886.8616666683617,7126.790400002695,120549.0,2971.7356666612127,0.0,323.2909754407592,1944.5655245737482,1886.8616666683617,107.40320000331849,2.0,2601787392.0,54701052.0,106460.0,132081152.0,169869312.0,15.0,170.0,247.0,8.0,1318.7599245707195
20260506-154931-2241ae2d46,14,OWL2EL-10,17,143,93,50694,762312,engine,gpu-el-lite,cuda,filtered_admissibility,3,300.0,OK,,3,4777.871266647708,6729.184133359619,1789.9003999967438,13539.959600001263,108578.0,4777.871266647708,0.0,3311.8977540410124,3608.612912646417,1789.9003999967438,191.32653332781047,1.0,2601787392.0,54701052.0,106460.0,132081152.0,169869312.0,15.0,170.0,247.0,8.0,2990.2907474043313
20260506-154931-2241ae2d46,15,OWL2EL-10,17,143,93,50694,762312,engine,gpu-el,cpu,stratified,3,300.0,OK,,3,4870.119166657484,1700.5773333172936,2046.5628999906282,8773.922933333475,120549.0,4870.119166657484,0.0,246.7056665821777,1571.9411000803423,2046.5628999906282,118.06943334522657,2.0,2601787392.0,54698724.0,106460.0,,,15.0,170.0,247.0,8.0,1476.012000067082
20260506-154931-2241ae2d46,16,OWL2EL-10,17,143,93,50694,762312,engine,gpu-el,cpu,filtered_admissibility,3,300.0,OK,,3,5732.74673334284,5522.652466626217,2003.9776333239085,13543.303866666974,108578.0,5732.74673334284,0.0,2574.494699947536,3126.779066718882,2003.9776333239085,178.62130004020096,1.0,2628291242.6666665,54698724.0,106460.0,,,15.0,170.0,247.0,8.0,1973.2833667076193
20260506-154931-2241ae2d46,17,OWL2EL-10,17,143,93,50694,762312,engine,gpu-el,cuda,stratified,3,300.0,OK,,3,3932.63900000602,1695.73139998829,2643.9466333249584,8454.451866661353,120549.0,3932.63900000602,0.0,344.4952800983253,1489.7027532223922,2643.9466333249584,138.4666333324276,2.0,2641543168.0,54698724.0,106460.0,132078592.0,169869312.0,15.0,170.0,247.0,8.0,1408.217119852702
20260506-154931-2241ae2d46,18,OWL2EL-10,17,143,93,50694,762312,engine,gpu-el,cuda,filtered_admissibility,3,300.0,OK,,3,5183.127333332474,6132.010166659408,2499.585199994423,14102.19330000109,108578.0,5183.127333332474,0.0,2705.901705482276,3622.3284278269857,2499.585199994423,196.21996664985394,1.0,2641543168.0,54698724.0,106460.0,132078592.0,169869312.0,15.0,170.0,247.0,8.0,3028.2738791393735
20260506-154931-2241ae2d46,19,OWL2EL-10,17,143,93,50694,762312,reasoner,elk,cpu,,3,300.0,OK,,3,19428.666666666668,9674.333333333334,2029.0,31132.0,120242.0,,,,,,,,,,,,,,,,,
20260506-154931-2241ae2d46,20,OWL2EL-10,17,143,93,50694,762312,reasoner,openllet,cpu,,3,300.0,TIMEOUT,Timed out after 300.0 seconds.,2,24825.0,110873.0,3047.0,138745.0,135332.0,,,,,,,,,,,,,,,,,
20260506-212636-3e2721096d,4,OWL2EL-1,17,143,93,4091,54811,engine,gpu-el-lite,cuda,filtered_admissibility,3,300.0,OK,,3,406.4588666757724,5020.74196661124,141.77086666071168,5766.953166671253,7569.0,406.4588666757724,0.0,1165.3537169552874,4049.7254163756347,141.77086666071168,194.3371667196819,1.0,999527765.3333334,4392744.0,106460.0,18408448.0,27262976.0,15.0,170.0,247.0,8.0,3477.7443050171714
20260506-212636-3e2721096d,5,OWL2EL-1,17,143,93,4091,54811,engine,gpu-el,cpu,stratified,3,300.0,OK,,3,324.9358999892138,236.30803336466974,212.265966644433,889.5152333328346,8429.0,324.9358999892138,0.0,159.5053667066774,190.9051333204843,212.265966644433,114.10246666249198,2.0,1014960128.0,4390416.0,106460.0,,,15.0,170.0,247.0,8.0,181.51129998538332
20260506-212636-3e2721096d,6,OWL2EL-1,17,143,93,4091,54811,engine,gpu-el,cpu,filtered_admissibility,3,300.0,OK,,3,440.795333328424,752.2788666343937,105.82336667963925,1548.0933333165012,7569.0,440.795333328424,0.0,666.8010333378334,327.8510333329905,105.82336667963925,242.37320003643012,1.0,1020814677.3333334,4390416.0,106460.0,,,15.0,170.0,247.0,8.0,255.01263336627744
20260506-212636-3e2721096d,7,OWL2EL-1,17,143,93,4091,54811,engine,gpu-el,cuda,stratified,3,300.0,OK,,3,319.8580000025686,1623.182899968621,154.26026664984724,2240.610833337996,8429.0,319.8580000025686,0.0,262.594350865266,1501.5114491307177,154.26026664984724,140.92290002736263,2.0,1022955520.0,4390416.0,106460.0,18404352.0,27262976.0,15.0,170.0,247.0,8.0,1490.898115793864
